zone_id,calls_workday_nn
355,0.1074481
356,0.11845897
357,0.20780185
358,0.31502774
359,0.21044704
360,0.29119357
361,0.11372308
502,0.13546073
503,0.10296816
504,0.12618434
505,0.13819924
506,0.1501242
507,0.2236079
508,0.55992496
509,0.663286
510,0.10806735
511,0.11412441
649,0.16020727
650,0.11121254
651,0.11636301
652,0.12075281
653,0.25715375
654,0.4328006
655,0.25343636
656,0.41341582
657,0.65236515
658,0.119810596
659,0.11372868
660,0.10929717
661,0.17774087
797,0.11242808
798,0.15246536
799,0.12797181
800,0.11339961
801,0.11562467
802,0.14951096
803,0.3399409
804,0.2531763
805,0.61938405
806,0.4856648
807,0.30598497
808,0.3430602
809,0.11519338
810,0.1240061
811,0.2550739
944,0.20129609
945,0.1429655
946,0.11538215
947,0.11613156
948,0.10903438
949,0.11675122
950,0.46634465
951,0.84092885
952,0.800938
953,0.8220643
954,0.9841458
955,0.5446444
956,0.15814124
957,0.112276845
958,0.15487154
959,0.21605583
1089,0.5733652
1090,0.59365827
1091,0.45427766
1092,0.15915874
1093,0.11170947
1094,0.12546957
1095,0.13155605
1096,0.54847115
1097,0.6088634
1098,1.117096
1099,0.56483835
1100,0.3494614
1101,0.65618277
1102,0.50815725
1103,0.20665349
1104,0.114817776
1105,0.17195255
1106,0.22550479
1237,0.7085993
1238,1.0591724
1239,1.0093995
1240,0.59501183
1241,0.24414632
1242,0.21479422
1243,0.670774
1244,0.7398843
1245,0.97057015
1246,1.1917378
1247,0.30312878
1248,0.29999638
1249,0.8361409
1250,0.6929023
1251,0.1912779
1252,0.10508079
1253,0.1347465
1254,0.16187833
1255,0.11020149
1382,0.26779696
1383,0.67665976
1384,1.2550776
1385,1.0997103
1386,0.7472189
1387,0.8441392
1388,0.98312294
1389,0.8143491
1390,0.8617634
1391,1.0303552
1392,0.49836698
1393,0.27813098
1394,0.33720025
1395,0.84645456
1396,0.27274722
1397,0.14770004
1398,0.108637735
1399,0.1380279
1400,0.115186885
1524,0.116289526
1525,0.14419481
1526,0.2994754
1527,1.0615281
1528,1.0502818
1529,0.9495334
1530,0.64025146
1531,1.0060068
1532,0.5997603
1533,0.95905703
1534,0.9873575
1535,0.78343457
1536,0.7374805
1537,0.49981475
1538,0.31441373
1539,0.19647434
1540,0.13404839
1541,0.1148465
1542,0.14650919
1543,0.12949273
1664,0.117150605
1665,0.112010434
1666,0.13629755
1667,0.52810466
1668,0.8566307
1669,0.73945135
1670,0.3166486
1671,0.5561895
1672,0.5641367
1673,0.9964414
1674,1.3299663
1675,1.1046141
1676,1.0498769
1677,0.8776953
1678,0.41081828
1679,0.2708213
1680,0.22679105
1681,0.13463083
1682,0.2211093
1683,0.23692143
1807,0.111301914
1808,0.11554059
1809,0.11158493
1810,0.17333385
1811,0.62179893
1812,0.2952164
1813,0.11259203
1814,0.19423798
1815,0.1692172
1816,0.66953504
1817,0.56375206
1818,0.62861514
1819,0.8246475
1820,0.79301476
1821,0.55678505
1822,0.36144102
1823,0.29651117
1824,0.3327859
1825,0.26276797
1826,0.17119949
1950,0.12823316
1951,0.15861425
1952,0.36070257
1953,0.2788764
1954,0.1992299
1955,0.10605486
1956,0.12511086
1957,0.10843502
1958,0.11962492
1959,0.13145778
1960,0.2539248
1961,0.12611388
1962,0.48296794
1963,0.6346214
1964,0.42291427
1965,0.22308141
1966,0.15388231
1967,0.29869625
1968,0.45148546
1969,0.19968124
2093,0.13717496
2094,0.2021028
2095,0.29095984
2096,0.116408244
2097,0.11119149
2098,0.17608643
2099,0.113986894
2100,0.12206295
2101,0.11593966
2102,0.16893518
2103,0.14440848
2104,0.19339734
2105,0.33787844
2106,0.1871506
2107,0.11358012
2108,0.1121973
2109,0.10773033
2110,0.14389277
2111,0.25418007
2233,0.11688363
2234,0.110506035
2235,0.113676086
2236,0.12261493
2237,0.14513525
2238,0.18897659
2239,0.15657538
2240,0.10529327
2241,0.20062411
2242,0.7163574
2243,0.19613338
2244,0.1716862
2245,0.14673434
2246,0.10882491
2247,0.116987415
2248,0.11223911
2249,0.11129858
2250,0.11190804
2251,0.14607504
2371,0.110543214
2372,0.11142661
2373,0.10975596
2374,0.110496275
2375,0.120097466
2376,0.10990649
2377,0.109165
2378,0.11176159
2379,0.24809381
2380,0.54925025
2381,0.19665548
2382,0.19843149
2383,0.115402915
2384,0.12440193
2385,0.14567648
2386,0.17747106
2387,0.1207884
2388,0.11228118
2487,0.45715162
2488,0.40547594
2489,0.14344794
2490,0.1732564
2491,0.1632628
2492,0.11550189
2493,0.13387713
2508,0.10930737
2509,0.09554095
2510,0.11306935
2511,0.13625513
2512,0.10635787
2513,0.11627347
2514,0.11618262
2515,0.11755864
2516,0.108010665
2517,0.13453843
2518,0.270292
2519,0.3010444
2520,0.16272679
2521,0.29917365
2522,0.43264776
2523,0.11859362
2524,0.113392234
2625,0.43574578
2626,0.507242
2627,0.7858113
2628,0.33984676
2629,0.118622065
2630,0.11088287
2631,0.12201923
2632,0.112148024
2633,0.1415285
2648,0.12747696
2649,0.22002351
2650,0.13888544
2651,0.11447333
2652,0.107610576
2653,0.10693792
2654,0.109329395
2655,0.3178432
2656,0.4528185
2657,0.30951467
2658,0.54783434
2659,0.18382207
2660,0.10566878
2661,0.11036763
2662,0.104266346
2763,0.133295
2764,0.3945255
2765,0.70884013
2766,0.81540626
2767,0.44024277
2768,0.114006065
2769,0.11086948
2770,0.11541574
2771,0.10697639
2772,0.10912045
2789,0.11567998
2790,0.11543035
2791,0.10874807
2792,0.107425064
2793,0.11813737
2794,0.23701161
2795,0.8501744
2796,0.73047185
2797,0.2916973
2798,0.21043895
2799,0.27268934
2800,0.112298466
2801,0.11375927
2900,0.16227771
2901,0.15226121
2902,0.1708954
2903,0.50202984
2904,1.0192552
2905,0.7332508
2906,0.26930493
2907,0.12076117
2908,0.117017366
2909,0.10162362
2910,0.11326192
2911,0.10833869
2912,0.12235385
2931,0.10772379
2932,0.11808543
2933,0.111183174
2934,0.124702446
2935,0.5626494
2936,0.79414344
2937,0.69670564
2938,0.46362132
2939,0.6979359
2940,0.18867458
2941,0.11169593
3043,0.16549617
3044,0.116417475
3045,0.11890925
3046,0.15289004
3047,0.48123807
3048,0.96766657
3049,0.7344454
3050,0.16917118
3051,0.11152343
3052,0.12534043
3053,0.11148732
3054,0.09405254
3055,0.109798096
3072,0.10732655
3073,0.4030286
3074,0.19800517
3075,0.26360443
3076,0.96804184
3184,0.10601556
3185,0.12956738
3186,0.116712384
3187,0.11851399
3188,0.1210737
3189,0.24097058
3190,0.7469009
3191,0.6676314
3192,0.45332578
3193,0.11442136
3194,0.106613986
3195,0.14703372
3196,0.111992456
3197,0.116802365
3328,0.13381961
3329,0.14061005
3330,0.16346821
3331,0.14613937
3332,0.10876929
3333,0.16983749
3334,0.9347985
3335,0.4291115
3336,0.6631529
3337,0.20745021
3338,0.10509318
3339,0.117552914
3340,0.11556113
3341,0.1288966
3475,0.14343496
3476,0.33234972
3477,0.17125139
3478,0.118332654
3479,0.09630123
3480,0.7624128
3481,1.1537184
3482,0.7041943
3483,0.47705004
3484,0.37577
3485,0.13626838
3486,0.11326858
3487,0.18995446
3488,0.14869925
3624,0.6694291
3625,0.16214933
3626,0.10952522
3627,0.10310118
3628,0.5870308
3629,0.9540645
3630,0.86827725
3631,0.46646747
3632,0.6630459
3633,0.21261421
3634,0.13695812
3635,0.21655636
3636,0.12301497
3664,0.23751521
3772,0.2679364
3773,0.18675739
3774,0.1452431
3775,0.14255124
3776,0.25117975
3777,0.4134738
3778,0.6316967
3779,0.30777627
3780,0.85591084
3781,0.40019938
3782,0.18369365
3783,0.13162255
3784,0.109701075
3812,0.32717976
3813,0.22273721
3814,0.43413967
3921,0.119862035
3922,0.18775034
3923,0.12691665
3924,0.1883901
3925,0.17153111
3926,0.18710189
3927,0.24333006
3928,0.3567935
3929,0.6349819
3930,0.908951
3931,0.19999537
3932,0.10360381
3960,0.6476063
3961,0.8612136
3962,0.87800246
4070,0.15556562
4071,0.2133451
4072,0.2566743
4073,0.1704422
4074,0.21357125
4075,0.16092512
4076,0.24548116
4077,0.3703082
4078,0.7495535
4101,0.21105558
4102,0.14646061
4106,0.34566942
4107,0.40007085
4108,0.34675187
4215,0.1235817
4216,0.1612694
4217,0.14884456
4218,0.20574148
4219,0.13667804
4220,0.120849475
4221,0.24861428
4222,0.398639
4248,0.21676788
4249,0.18753716
4253,0.22027054
4254,0.13687849
4366,0.12742
4367,0.11599221
4368,0.13425198
4393,0.18401605
4394,0.10718344
4395,0.16417852
4398,0.40626636
4399,0.16002604
4537,0.23315069
4538,0.11447644
4539,0.11117755
4540,0.10977243
4541,0.12710707
4542,0.13849889
4543,0.28077948
4675,0.14583234
4676,0.116307124
4677,0.13233906
4678,0.11456603
4679,0.10692788
4680,0.15005726
4681,0.22138727
4682,0.5409494
4805,0.117586344
4806,0.12798053
4807,0.14136267
4808,0.24354431
4809,0.24551427
4810,0.46897116
4811,0.49340495
4812,0.29791412
4813,0.35595146
4814,0.1769833
4815,0.111290045
4816,0.12333514
4817,0.91499794
4938,0.13395958
4939,0.13967466
4940,0.15455636
4941,0.42546862
4942,0.36068958
4943,0.6078217
4944,0.7653563
4945,1.1650301
4946,0.42729104
4947,0.15405744
4948,0.12119207
4949,0.16751549
4950,0.84677774
4951,1.0612531
5073,0.41312057
5074,0.73845124
5075,0.83026695
5076,0.7772066
5077,0.9003153
5078,0.58367115
5079,0.9840906
5080,0.9314375
5081,0.4809488
5082,0.18296614
5083,0.19940183
5084,0.8426496
5085,1.0972384
5208,0.7414085
5209,0.8691359
5210,1.0649748
5211,0.87599915
5212,1.1265072
5213,0.8387077
5214,0.81195784
5215,0.91151977
5216,0.7978357
5217,0.6775248
5346,0.44612935
5347,0.56247044
5348,1.1136261
5349,1.3972176
5350,1.3017263
5351,1.5542027
5352,1.2950557
5353,1.042208
5354,0.1516169
5488,0.40240544
5489,0.4675301
5490,0.5937001
5491,0.8427213
5492,0.7793013
5493,0.66753745
5494,0.39901078
5495,0.10137965
5635,0.52384275
5636,0.23211697
5637,0.13628513
5638,0.30553862
5639,0.34007877
5781,0.5377777
5782,0.20987493
5783,0.42767853
5784,0.74422956
5785,0.5773749
5786,0.43604782
5926,0.55535847
5927,0.75422084
5928,1.1371589
5929,1.3646997
5930,0.8717822
5931,0.5725329
6068,0.11975032
6069,0.22742063
6070,1.0532665
6071,1.3520509
6072,1.0363619
6073,0.84449303
6074,1.1813923
6210,0.108319096
6211,0.08699724
6212,0.09461827
6213,0.5105257
6214,1.0395005
6215,1.1616207
6216,0.74737424
6217,1.3783401
6220,0.75148207
6357,0.119641826
6358,0.12984912
6359,0.3059132
6360,0.9960278
6361,0.8521499
6362,0.6549213
6363,1.1301353
6364,0.65341
6365,0.7731102
6366,0.64807004
6505,0.4002587
6506,0.17546245
6507,0.25394365
6508,0.38341913
6509,0.41766593
6510,1.0358254
6511,0.7036185
6512,0.928243
6513,0.6531338
6612,0.18714261
6613,0.11117516
6614,0.09793378
6615,0.12719944
6616,0.14581951
6651,0.4453116
6652,0.26800826
6653,0.10351293
6654,0.12676129
6655,0.115309134
6656,0.2287437
6657,0.9363889
6658,1.3368344
6659,0.97316957
6660,0.68095183
6759,0.37495682
6760,0.19668296
6761,0.105282895
6762,0.112755276
6763,0.1607925
6764,0.27262756
6765,0.17052951
6794,0.16861567
6795,0.9242879
6796,1.059453
6797,0.75619906
6798,0.11596724
6799,0.11107006
6800,0.11145552
6801,0.15869907
6802,0.3129052
6803,1.1274831
6804,1.2760093
6805,1.2623653
6806,0.5207208
6907,0.26322383
6908,0.124434374
6909,0.13741697
6910,0.11412306
6911,0.10549982
6912,0.13820271
6913,0.20789827
6914,0.22696443
6941,0.74553883
6942,0.37854502
6943,0.79023427
6944,1.1194347
6945,0.620462
6946,0.26623407
6947,0.116237
6948,0.123613186
6949,0.31951275
6950,0.64251095
6951,1.1308558
6952,1.197592
6953,1.3324407
6954,0.9119904
7055,0.3433044
7056,0.42338502
7057,0.15708815
7058,0.11759767
7059,0.14521983
7060,0.27061677
7061,0.1928014
7062,0.17327072
7063,0.13163918
7088,0.83034563
7089,0.9683761
7090,0.9083023
7091,0.9987414
7092,1.0746944
7093,0.8652111
7094,0.6826535
7095,0.124406576
7096,0.10869108
7097,0.4680131
7098,1.3810878
7099,1.2292923
7100,1.3711442
7101,1.08698
7102,0.8732325
7196,0.7201221
7199,0.12005107
7204,0.28066516
7205,0.30682543
7206,0.18770295
7207,0.32946765
7208,0.6396489
7209,0.37548643
7210,0.20245025
7235,1.0350392
7236,0.6495977
7237,0.86598736
7238,1.181947
7239,1.2954901
7240,1.2278802
7241,1.4975005
7242,0.36692202
7243,0.09867067
7244,0.12973444
7245,0.7392876
7246,1.1854408
7247,1.0388083
7248,1.0679239
7249,0.8408991
7250,0.878962
7345,0.31533113
7346,0.1783843
7347,0.1162153
7352,0.3122917
7353,0.3467072
7354,0.24086642
7355,0.28205946
7356,0.76795256
7357,0.6067806
7358,0.3630069
7359,0.21046424
7382,1.1728632
7383,0.5804302
7384,0.6642731
7385,0.60050666
7386,0.50764656
7387,0.91654414
7388,1.3590049
7389,0.836906
7390,0.41999865
7391,0.11088096
7392,0.19004473
7393,0.8720827
7394,1.183715
7395,1.1982957
7396,1.1727626
7397,1.0867758
7398,1.1821222
7494,0.12543403
7495,0.12441383
7500,0.14450575
7501,0.5908896
7502,0.35007915
7503,0.41207466
7504,0.30168325
7505,0.4073001
7506,0.34365228
7507,0.4020329
7530,1.2277639
7531,0.7352212
7532,0.9741997
7533,0.34443876
7534,0.21926272
7535,0.40091833
7536,1.1048
7537,1.0890135
7538,0.22525808
7539,0.11960295
7540,0.1332203
7541,0.54199165
7542,1.0717248
7543,0.7300901
7544,1.2745627
7545,1.419607
7546,1.2604052
7639,0.2602102
7673,0.9687188
7674,1.214661
7675,0.71947116
7676,0.8698329
7677,0.37699193
7678,0.11545627
7679,0.1684798
7680,0.3273996
7681,0.33634534
7682,0.119654894
7683,0.1292013
7684,0.13607284
7685,0.3466939
7686,0.7972519
7687,0.93940586
7688,1.1885718
7689,1.4141358
7690,0.995736
7816,0.571769
7817,0.9013622
7818,0.732639
7819,0.504478
7820,0.8570461
7821,0.47279876
7822,0.43381602
7823,0.15336946
7824,0.22693536
7825,0.1330308
7826,0.1170607
7827,0.09327074
7828,0.1291214
7829,0.22593233
7830,0.5294987
7831,1.2013259
7832,1.1379055
7833,1.2351978
7834,1.1852647
7951,0.13717487
7952,0.11570168
7963,1.058951
7964,1.0127242
7965,0.2344073
7966,0.2221767
7967,1.0493155
7968,0.9416993
7969,0.78081584
7970,0.123131156
7971,0.19941229
7972,0.11093694
7973,0.113049194
7974,0.11167869
7975,0.098851934
7976,0.13704406
7977,0.20854485
7978,1.0212252
7979,1.0920304
7980,1.0174458
7981,1.163351
8096,0.4763533
8097,0.115480796
8098,0.35553926
8099,0.22316666
8100,0.35763612
8101,0.34851328
8109,0.7185337
8110,0.910547
8111,0.93481886
8112,0.4328195
8113,0.11256137
8114,0.56624216
8115,1.2927284
8116,1.1963794
8117,0.62140214
8118,0.5704959
8119,0.24511972
8120,0.112877354
8121,0.10096852
8122,0.09290765
8123,0.15700187
8124,0.40237054
8125,0.8430341
8126,1.2312762
8127,1.1073563
8128,1.1545949
8240,0.99733627
8241,0.8828827
8242,1.0308
8243,1.0345227
8244,0.3362852
8245,0.5010588
8246,0.63698006
8247,0.54658467
8248,0.48778975
8249,0.63685703
8254,0.5641485
8255,0.23668322
8256,0.19586502
8257,0.20283896
8258,0.19510937
8259,0.17564967
8260,0.4730661
8261,1.2044036
8262,1.4328401
8263,1.1668358
8264,1.0087913
8265,0.39903867
8266,0.10478777
8267,0.09526053
8268,0.11692605
8269,0.15514196
8270,0.7384643
8271,1.3542653
8272,1.1759019
8273,1.1633775
8274,0.803792
8385,0.7800032
8386,1.2024492
8387,1.0628753
8388,0.8292934
8389,1.0831678
8390,0.60791457
8391,0.33125713
8392,0.4652253
8393,0.53993607
8394,0.7049798
8395,0.6739684
8401,0.34104216
8402,0.38929057
8403,0.5572952
8404,0.53094167
8405,0.42658165
8406,1.0613546
8407,1.0009624
8408,0.6793651
8409,1.4493749
8410,1.1779852
8411,1.3428156
8412,0.6739695
8413,0.22963974
8414,0.18115605
8415,0.11039131
8416,0.3507838
8417,0.9990075
8418,1.0535825
8419,1.3258123
8420,1.2563552
8421,1.2157761
8520,0.2324141
8521,0.18165562
8522,0.29969135
8523,0.16764037
8524,0.124566026
8525,0.13775721
8531,0.34300813
8532,0.85795105
8533,0.54903316
8534,0.23684812
8535,0.71946156
8536,0.7468015
8537,0.63171864
8538,0.9163451
8539,0.73620903
8540,1.1008923
8541,0.90691453
8544,0.11218986
8545,0.6126271
8546,1.0080998
8547,1.0738225
8548,1.0949696
8549,1.211848
8550,1.3590791
8551,1.1921302
8552,1.1250979
8553,1.2756743
8554,1.2420382
8555,0.9201689
8556,0.7855521
8557,0.51066333
8558,0.44899926
8559,0.94560266
8560,0.9724533
8561,1.137715
8562,1.4385525
8563,1.3662329
8564,1.2290878
8663,0.1962421
8664,0.20184699
8665,0.24801973
8666,0.36447063
8667,0.3230441
8668,0.18788773
8669,0.15705225
8670,0.120078
8671,0.12752444
8676,0.3193744
8677,0.25003928
8678,0.10390415
8679,0.25114363
8680,0.35130072
8681,0.9620731
8682,0.90701646
8683,1.1542752
8684,1.2928897
8685,0.858917
8689,0.1465142
8690,0.11244356
8691,0.74792045
8692,1.1445285
8693,1.1193982
8694,1.005961
8695,0.98207927
8696,0.86477745
8697,0.9729691
8698,1.2313683
8699,1.6342525
8700,1.2430615
8701,1.0817891
8702,1.2622943
8703,1.1557906
8704,1.3633772
8705,1.1062447
8706,0.9191132
8707,1.2236269
8708,1.3013221
8709,1.4330058
8710,1.3538196
8808,0.2126846
8809,0.5261241
8810,0.19620413
8811,0.20548081
8812,0.29019487
8813,0.44271162
8814,0.25042415
8815,0.31768498
8816,0.40377548
8817,0.20374927
8818,0.14575768
8819,0.11828821
8824,0.3006929
8825,0.15936084
8826,0.17917967
8827,0.5720985
8828,0.61122274
8829,0.7396539
8830,0.7546374
8831,1.062732
8832,0.97813505
8836,0.29032275
8837,0.19204903
8838,0.22948089
8839,0.7514318
8840,1.2358274
8841,1.1113799
8842,1.1697333
8843,1.0100456
8844,0.32426643
8845,1.071995
8846,1.2578957
8847,1.3323777
8848,1.3115063
8849,1.158951
8850,1.4234332
8851,1.405644
8852,1.4718117
8853,1.4759359
8854,1.3614792
8855,1.3357435
8856,1.3810217
8857,1.420765
8858,1.156073
8953,0.26372972
8954,0.38854668
8955,0.64910406
8956,0.32916144
8957,0.5893636
8958,0.66252834
8959,0.4326639
8960,0.20243156
8961,0.46001
8962,0.8593825
8963,0.23396343
8964,0.48902172
8965,0.1058924
8970,0.13448475
8971,0.14084698
8972,0.20847172
8974,0.5354486
8975,0.40985394
8976,0.22349069
8977,0.60115075
8978,0.7514458
8981,0.4324643
8982,0.1252284
8983,0.21046564
8984,0.32193246
8985,1.1925023
8986,1.3670934
8987,1.254966
8988,0.7086043
8989,0.22862437
8990,0.61571383
8991,1.2759705
8992,1.3541026
8993,1.2452043
8994,1.0224574
8995,1.0874207
8996,1.330787
8997,1.3192214
8998,1.5627471
8999,1.5129052
9000,1.2223948
9001,1.2972239
9002,1.3217129
9003,1.3226917
9004,1.2345002
9100,0.110552855
9101,0.14809166
9102,0.3498365
9103,0.35520828
9104,0.17725769
9105,0.24941075
9106,0.47539774
9107,0.4025627
9108,0.42088076
9109,0.62554204
9110,1.0284083
9111,0.5457387
9112,0.20206466
9113,0.21039873
9114,0.16974728
9120,0.14001659
9127,0.5192362
9128,0.8428005
9129,0.80358934
9130,0.47598335
9131,0.51402247
9132,0.73839045
9133,1.2017691
9134,1.1469537
9135,1.4416546
9136,0.69258714
9137,0.32833698
9138,0.7774778
9139,1.2957075
9140,1.4025073
9141,0.8851696
9142,0.9175697
9143,1.3460251
9144,1.4152639
9145,1.2604382
9146,1.3193723
9147,1.3696885
9148,0.9952771
9149,0.7877845
9150,0.5603243
9151,1.0634643
9152,1.4835962
9248,0.12537773
9249,0.12415895
9250,0.38744396
9251,0.48515147
9252,0.33979
9253,0.47672608
9254,0.5170291
9255,0.5743079
9256,0.741052
9257,1.097543
9258,1.134294
9259,0.6954909
9260,0.15185077
9261,0.29468715
9262,0.30255258
9274,0.1309448
9275,0.20802476
9276,0.681441
9277,0.77341896
9278,0.6308216
9279,0.9895298
9280,0.93014413
9281,0.9809084
9282,1.3211459
9283,1.0263293
9284,0.87361
9285,0.9068552
9286,1.4039097
9287,1.28471
9288,1.1076076
9289,0.69559026
9290,0.9281187
9291,1.4258271
9292,1.3317931
9293,1.1823496
9294,1.4500295
9295,1.3291316
9296,1.4138483
9297,0.6496124
9298,0.32609913
9299,1.058946
9300,1.3214555
9396,0.1240152
9397,0.120772615
9398,0.14028376
9399,0.20267838
9400,0.6376375
9401,0.64445525
9402,0.9351387
9403,1.1561393
9404,1.0578564
9405,0.84547514
9406,1.0288914
9407,1.0076349
9408,0.58366525
9409,0.4708366
9410,0.27892604
9411,0.14496112
9422,0.21289653
9423,0.22533554
9424,0.7368189
9425,1.0340104
9426,0.8994248
9427,0.8399211
9428,0.96205825
9429,1.1259567
9430,0.9182844
9431,0.99343693
9432,1.3035228
9433,1.1918473
9434,1.4057202
9435,0.9449944
9436,1.2271115
9437,1.3333442
9438,1.4200896
9439,1.4074181
9440,1.3954012
9441,1.2342044
9442,1.4353747
9443,1.2841859
9444,1.0123352
9445,1.4808128
9446,0.78690636
9447,1.0356221
9448,1.3221381
9543,0.16919714
9544,0.25229773
9545,0.13207047
9546,0.13486324
9547,0.17758064
9548,0.34620056
9549,1.1289893
9550,1.1162266
9551,0.8085536
9552,1.0853245
9553,0.9168883
9554,1.1038796
9555,0.43250203
9556,0.21234134
9557,0.2395806
9558,0.35581687
9561,0.18593448
9569,0.3925667
9570,0.37549546
9571,0.49538514
9572,0.58418554
9573,0.9493918
9574,1.2274458
9575,0.7399855
9576,0.69084185
9577,0.5356452
9578,0.9021173
9579,1.2131296
9580,0.8456428
9581,0.98399526
9582,0.930387
9583,1.2407721
9584,1.2884812
9585,1.281955
9586,1.1861979
9587,1.2302037
9588,1.4199747
9589,1.3583634
9590,1.1884202
9591,0.93533105
9592,1.2189965
9593,1.2163603
9594,0.8153955
9595,0.9748785
9687,0.37164804
9688,0.12774253
9689,0.12574725
9690,0.20090622
9691,0.14311612
9692,0.264678
9693,0.9113519
9694,1.0702515
9695,0.8880233
9696,0.73976743
9697,1.2231236
9698,1.0790948
9699,0.7618922
9700,0.41391233
9701,0.13505735
9702,0.3488054
9703,0.42851648
9704,0.11983665
9712,0.5994883
9713,0.6180135
9714,0.7116787
9715,0.66244626
9716,0.89349735
9717,1.0163902
9718,0.54335725
9719,0.6285011
9720,1.0154288
9721,0.87142247
9722,0.3835335
9723,0.80434203
9724,1.2590758
9725,1.447321
9726,1.1779307
9727,1.4055152
9728,1.1843836
9729,1.3586357
9730,1.3329754
9731,1.4169981
9732,1.5101063
9733,1.3101987
9734,1.2945812
9735,1.1188028
9736,0.6801964
9737,0.6499015
9830,0.5202376
9831,0.18675719
9832,0.1930503
9833,0.23178154
9834,0.1497321
9835,0.30618134
9836,0.6236635
9837,0.7730463
9838,0.46137404
9839,0.2958818
9840,0.4513181
9841,0.79978096
9842,1.1487788
9843,0.8319697
9844,0.27826005
9846,0.433067
9847,0.56815946
9848,0.41214585
9857,0.34872946
9858,0.5370875
9859,0.3219671
9860,0.5368937
9861,0.61048144
9862,0.6624675
9863,0.8648309
9864,0.5427505
9865,1.0910755
9866,1.0342237
9867,0.8856719
9868,0.56030244
9869,1.1997241
9870,1.1193638
9871,1.4467316
9872,1.4425368
9873,1.4472381
9874,1.2398883
9875,1.0197797
9876,1.238631
9877,1.3443178
9878,1.2736343
9879,1.2992761
9880,1.2127082
9881,0.7971102
9882,1.110505
9975,0.30029666
9976,0.11742886
9977,0.18003318
9978,0.13469222
9979,0.13435635
9980,0.32614082
9981,0.44442785
9982,0.43934116
9983,0.21257828
9984,0.27892438
9985,0.17055807
9986,0.41490334
9987,0.69437385
9988,0.41679886
9989,0.14753704
9993,0.41384837
9994,0.21389386
9995,0.19906998
9996,0.19743003
10001,0.3712807
10002,0.38830015
10003,0.5176816
10004,0.51030326
10005,0.4712906
10006,0.62592965
10007,0.49947765
10008,1.1925707
10009,0.5855578
10010,1.2252115
10011,0.8206526
10012,0.6215299
10013,0.7696915
10014,0.91163146
10015,1.0697383
10016,1.2927412
10017,1.2897433
10018,1.5338495
10019,1.3835423
10020,1.2063797
10021,1.3017019
10022,1.3795414
10023,1.1755911
10024,1.1819534
10025,1.470724
10026,1.0734265
10027,1.2754377
10123,0.09868692
10124,0.14578258
10125,0.15373206
10126,0.12232399
10127,0.10561409
10128,0.16516274
10129,0.121859685
10130,0.32514027
10131,0.19632539
10132,0.14606068
10133,0.13363022
10134,0.15312526
10135,0.10790369
10136,0.34928796
10140,0.43892938
10141,0.35407403
10142,0.21136504
10143,0.26471886
10144,0.15232359
10148,0.30675784
10149,0.35714704
10150,0.76871693
10151,0.5892423
10152,0.5174113
10153,0.40442312
10154,0.612398
10155,0.4773061
10156,0.33082333
10157,1.2106013
10158,0.88424015
10159,1.0045741
10160,1.3309948
10161,0.7776866
10162,0.71995443
10163,1.162498
10164,1.2345943
10165,1.0565718
10166,1.2974616
10167,1.3115312
10168,1.1809474
10169,1.1053017
10170,1.0956364
10171,1.0184574
10172,0.9165707
10173,0.83789736
10174,1.315039
10271,0.114309885
10272,0.19312856
10273,0.19315016
10274,0.11757737
10275,0.1224064
10276,0.10892453
10277,0.11902468
10278,0.13954571
10279,0.11736142
10280,0.10893138
10281,0.11873535
10282,0.19598678
10283,0.13275419
10290,0.43059278
10291,0.2776244
10294,0.727601
10295,0.36530736
10296,0.35136288
10297,0.5882949
10298,0.38685355
10299,0.41383648
10300,0.38010752
10301,0.22122073
10302,0.798192
10303,0.4142984
10304,0.49306795
10305,1.1447012
10306,0.97523624
10307,1.1358476
10308,1.3424978
10309,0.90149873
10310,0.95947677
10311,0.9937094
10312,0.44943377
10313,0.50341016
10314,0.9277094
10315,1.0847638
10316,1.2465062
10317,1.2165986
10318,1.1907439
10319,0.8611611
10320,0.51583415
10321,0.49192104
10322,1.1713731
10420,0.23357382
10421,0.13082078
10422,0.11448273
10423,0.12290483
10424,0.12243448
10425,0.10858193
10426,0.124308184
10427,0.119933605
10428,0.12069653
10429,0.14311962
10430,0.16553995
10439,0.4030469
10442,0.9450375
10443,0.5569378
10444,0.32535812
10445,0.4755766
10446,0.33344808
10447,0.51455176
10448,0.562625
10449,0.57191473
10450,1.1349971
10451,1.0399374
10452,1.0929102
10453,0.9653278
10454,1.0519382
10455,1.2125831
10456,1.442944
10457,1.0968043
10458,0.778595
10459,0.95378035
10460,0.40791985
10461,0.36600327
10462,0.49282873
10463,0.5358496
10464,1.378129
10465,1.4375345
10466,1.1191461
10467,1.2147416
10468,0.484506
10469,0.720716
10470,1.0493369
10538,0.10579009
10540,0.32571754
10541,0.10483725
10566,0.107489236
10567,0.11196545
10568,0.13042288
10569,0.10958058
10570,0.18345696
10571,0.1519695
10572,0.19225895
10573,0.3036039
10574,0.2646183
10584,0.536704
10586,1.0384363
10587,1.0775927
10588,1.0238028
10589,0.4627932
10590,0.498023
10591,0.45497754
10592,0.65573627
10593,0.72578263
10594,0.5002909
10595,0.49360576
10596,0.5003268
10597,0.88589287
10598,0.956738
10599,1.104379
10600,0.9395392
10601,1.3374181
10602,1.0129825
10603,0.4688471
10604,0.26220986
10605,0.17091967
10606,0.2070925
10607,0.3646634
10608,0.41810533
10609,0.6027826
10610,1.0074288
10611,1.0956889
10612,1.269587
10613,1.289568
10614,1.3868566
10615,1.2645928
10681,0.106854975
10682,0.15988871
10683,0.117707916
10685,0.10820184
10686,0.1106189
10687,0.103250116
10712,0.11239409
10713,0.19440475
10714,0.14883153
10715,0.1879704
10729,0.89812225
10730,1.1794313
10731,1.1070164
10732,0.68554145
10733,0.49561578
10734,0.42975622
10735,0.5921818
10736,0.28509322
10737,0.6616559
10738,0.6330549
10739,0.17088397
10740,0.93448436
10741,0.9809565
10742,0.8405354
10743,0.7432804
10744,1.213829
10745,1.1484954
10746,0.62464166
10747,0.68643266
10748,0.3369243
10749,0.17530692
10750,0.4842653
10751,0.69482183
10752,0.9140032
10753,0.6721674
10754,0.9369953
10755,1.3763405
10756,1.1391457
10757,1.2915896
10758,1.5752934
10827,0.10382502
10828,0.109042495
10829,0.10532403
10830,0.11517983
10831,0.10947715
10832,0.1072597
10835,0.16692749
10836,0.11155412
10837,0.10672668
10838,0.3377672
10839,0.24946392
10874,0.816184
10875,0.9387413
10876,1.1061362
10877,1.0535759
10878,0.55644226
10879,0.69991547
10880,0.850887
10881,0.2396391
10882,0.91927844
10883,1.1357737
10884,0.36193755
10885,0.7055872
10886,0.9010161
10887,0.5871227
10888,0.5804428
10889,0.58235294
10890,0.9117554
10891,1.0452358
10892,0.930778
10893,0.38179845
10894,0.27229333
10895,0.48714578
10896,0.99963975
10897,1.4539864
10898,0.82783705
10899,0.45274362
10900,1.3307217
10901,1.3338982
10902,1.3451867
10903,1.4604044
10971,0.11324218
10972,0.12333852
10974,0.109837316
10975,0.11361371
10976,0.10815117
10977,0.13037527
10978,0.11036486
10979,0.111784585
10980,0.108060405
10981,0.10563987
10982,0.11295419
10983,0.114136666
10984,0.116886735
10985,0.10304333
10986,0.09920491
10987,0.16797394
11019,0.7694547
11020,0.78328466
11021,1.1317985
11022,0.91996825
11023,1.289053
11024,1.2149628
11025,1.0342044
11026,1.0894433
11027,0.6869421
11028,0.8592872
11029,1.3676944
11030,0.7695743
11031,0.4457161
11032,0.57783836
11033,0.69964284
11034,0.822938
11035,0.717188
11036,0.7845547
11037,0.6892841
11038,0.9449273
11039,0.49529508
11040,0.3417821
11041,0.93397045
11042,1.4984273
11043,1.4588884
11044,1.4674114
11045,0.556457
11046,0.84216434
11047,1.2730778
11048,1.2901322
11049,1.4799242
11116,0.113748476
11117,0.114367366
11118,0.111114636
11119,0.11093888
11120,0.106920645
11121,0.10713425
11122,0.10674607
11123,0.11786231
11124,0.10866299
11128,0.11303184
11129,0.11097289
11130,0.1106053
11131,0.10625067
11133,0.14736643
11134,0.11433807
11165,1.1682304
11166,0.5794131
11167,0.83016074
11168,1.0376781
11169,0.8570661
11170,0.8829346
11171,0.8817015
11172,0.5934904
11173,0.78702843
11174,1.0357436
11175,0.92469823
11176,0.70688385
11177,0.60734594
11178,0.50911164
11179,0.5429469
11180,0.84171623
11181,0.9049995
11182,0.96655256
11183,0.43398395
11184,0.7034959
11185,0.44131422
11186,0.47059524
11187,0.5745881
11188,1.2008686
11189,1.4306539
11190,1.3069547
11191,1.2291063
11192,0.80490166
11193,1.2341726
11194,1.4589378
11195,1.3176935
11261,0.10094614
11262,0.10701358
11265,0.10964078
11266,0.10905832
11267,0.11511341
11268,0.11287561
11269,0.10783637
11270,0.111682475
11277,0.10738006
11310,0.52635276
11311,0.4367692
11312,0.47982484
11313,1.1366507
11314,1.242361
11315,1.3245491
11316,1.0518978
11317,0.795704
11318,0.8772317
11319,1.058984
11320,0.7858723
11321,1.1928964
11322,0.87082094
11323,0.7462466
11324,0.80051553
11325,0.7193285
11326,1.031537
11327,0.75411254
11328,0.55808043
11329,0.38139904
11330,0.9129228
11331,0.7737788
11332,0.7281851
11333,1.216905
11334,1.3487127
11335,1.143649
11336,1.2949756
11337,0.8182896
11338,1.0742927
11339,1.1947908
11340,1.3562372
11397,0.11544334
11398,0.106291205
11399,0.11820285
11403,0.122555085
11404,0.12852034
11405,0.12322998
11406,0.102585405
11408,0.104679756
11409,0.10704026
11410,0.10439218
11411,0.10643083
11412,0.11045711
11420,0.11974561
11421,0.1051712
11422,0.15551633
11423,0.30286694
11456,0.15498704
11457,0.2642752
11458,0.6555822
11459,1.2603393
11460,1.2287318
11461,1.174763
11462,1.219356
11463,1.0272228
11464,0.73570937
11465,0.55984914
11466,0.55996907
11467,0.8637169
11468,0.9789012
11469,1.0597184
11470,1.0066494
11471,0.9542731
11472,1.0404198
11473,0.99786997
11474,1.2038646
11475,0.84906954
11476,1.1185517
11477,0.94402325
11478,0.5195147
11479,1.080866
11480,0.8671647
11481,1.2968228
11482,1.5464007
11483,1.2685952
11484,0.89367276
11485,1.0575086
11486,1.3652642
11540,0.11015968
11541,0.10530633
11542,0.10689654
11543,0.10971266
11545,0.11487624
11546,0.113963395
11547,0.11238548
11548,0.11922337
11549,0.12572359
11550,0.11172357
11551,0.10547269
11552,0.11307047
11553,0.11194903
11554,0.11171481
11555,0.116896786
11563,0.11564585
11564,0.10430426
11565,0.13324475
11599,0.1570043
11600,0.11686263
11601,0.16320097
11602,0.82835615
11603,1.1944033
11604,1.1227573
11605,1.1987274
11606,1.1656783
11607,0.8919423
11608,0.17944703
11609,0.09879981
11610,0.121148355
11611,0.61713666
11612,0.95853245
11613,0.91302353
11614,1.0424887
11615,1.1374434
11616,1.4314996
11617,1.2761875
11618,1.2967728
11619,1.4939635
11620,1.4333684
11621,1.3941567
11622,0.99574476
11623,0.95537597
11624,1.0346007
11625,1.3712449
11626,1.6312395
11627,1.4364121
11628,0.9955613
11629,1.1236528
11630,1.2721903
11684,0.12126105
11685,0.11007471
11686,0.1089414
11687,0.12141475
11690,0.10984284
11691,0.10521869
11692,0.114249766
11693,0.11308806
11694,0.11883383
11695,0.09706022
11696,0.10252969
11697,0.11547042
11698,0.12627175
11743,0.22580765
11744,0.10943364
11745,0.22068214
11746,0.84618473
11747,1.1099895
11748,1.0897819
11749,1.2906038
11750,0.93094057
11751,0.1737816
11752,0.10747267
11753,0.21319571
11754,0.23365676
11755,0.39082006
11756,0.8695729
11757,1.418702
11758,0.9804847
11759,1.1229385
11760,0.8694609
11761,0.8737354
11762,1.0446627
11763,1.0051401
11764,1.477225
11765,1.3586104
11766,1.0165411
11767,1.0123177
11768,1.3550029
11769,1.3526262
11770,1.1280309
11771,0.90536296
11772,0.9759795
11830,0.10868337
11831,0.1137516
11833,0.11058138
11834,0.13028608
11836,0.10614633
11837,0.12313967
11886,0.24815321
11887,0.2136122
11888,0.21768335
11889,0.39236212
11890,1.1741897
11891,1.150223
11892,1.0248855
11893,0.46070814
11894,0.28026927
11895,0.18311918
11896,0.16478339
11897,0.29213452
11898,0.15705341
11899,0.37216324
11900,1.035147
11901,0.7975993
11902,0.8310105
11903,1.0522226
11904,1.1387343
11905,1.2856303
11906,0.6815573
11907,0.71615106
11908,1.1271702
11909,1.0830108
11910,1.3471185
11911,1.3881341
11912,1.2809331
11913,1.3901993
11914,1.1308041
11915,1.1286131
11976,0.11696442
11978,0.11721959
11982,0.13394728
12031,0.54724616
12032,0.35621697
12033,0.17913085
12034,0.2543165
12035,0.9219897
12036,0.9394948
12037,0.5005523
12038,0.28991342
12039,0.6259445
12040,0.23700446
12041,0.25273448
12042,0.18664268
12043,0.30369338
12044,0.5658596
12045,0.5839026
12046,0.45940983
12047,1.0514703
12048,1.2404816
12049,0.8965244
12050,1.2146727
12051,1.3401182
12052,1.2610554
12053,0.74954194
12054,0.7873916
12055,0.88833135
12056,1.1211902
12057,1.3539085
12058,1.4531586
12059,1.2318081
12060,1.5191809
12061,1.4390424
12062,1.0709119
12126,0.114237085
12127,0.12182881
12129,0.11975254
12178,0.74284834
12179,0.48855296
12180,0.17346673
12181,0.24341074
12182,1.2012578
12183,1.1528324
12184,0.7743991
12185,0.44221503
12186,0.35196152
12187,0.40371442
12188,0.2759148
12189,0.17854872
12190,0.24614787
12191,0.8011702
12192,0.78402656
12193,0.7978664
12194,0.92561865
12195,0.7729998
12196,0.6329441
12197,1.1599478
12198,0.9332274
12199,1.3572519
12200,1.2793037
12201,1.3845053
12202,1.2052981
12203,1.3862315
12204,1.511524
12205,1.4411067
12206,1.5120591
12207,1.3767114
12208,1.4183435
12209,1.571211
12325,0.51447964
12326,0.66363966
12327,0.1547124
12328,0.1471157
12329,0.8659038
12330,1.0437421
12331,0.61142635
12332,0.42677945
12333,0.30615127
12334,0.18158421
12335,0.16204233
12336,0.11892097
12337,0.41079608
12338,0.544811
12339,1.0325781
12340,0.72016686
12341,0.74508184
12342,0.8078078
12343,0.9314424
12344,1.2837822
12345,1.2883679
12346,1.436988
12347,1.1388357
12348,1.0230329
12349,1.401249
12350,1.4435843
12351,1.5061952
12352,1.1477817
12353,1.4935075
12354,1.5500197
12355,1.3306338
12356,1.4930391
12464,0.18295214
12470,0.6936422
12471,0.6799065
12472,0.29494035
12473,0.23127592
12474,0.9486061
12475,1.2117015
12476,0.5376523
12477,0.46233603
12478,0.22387077
12479,0.1236147
12480,0.10224178
12481,0.12883574
12482,0.4961768
12483,0.76192814
12484,0.91210324
12485,0.84942937
12486,0.76690686
12487,1.3434589
12488,1.3228935
12489,1.1653379
12490,1.3300835
12491,1.1918914
12492,0.37881243
12493,0.7910333
12494,1.4784867
12495,1.4580368
12496,1.3277004
12497,1.5924095
12498,1.508738
12499,1.3095905
12500,1.3805485
12501,1.4190273
12608,0.14944097
12609,0.11484809
12610,0.09922406
12613,0.46631736
12614,0.5009487
12615,0.26836216
12616,0.15770987
12617,0.5285225
12618,0.6572368
12619,0.5187761
12620,0.24618828
12621,0.20133995
12622,0.2885884
12623,0.11430061
12624,0.3905757
12625,1.0338373
12626,1.1608946
12627,0.87565863
12628,0.98071027
12629,0.9585447
12630,1.1951904
12631,0.7328939
12632,1.0528272
12633,1.2503872
12634,0.9422778
12635,0.63987523
12636,0.77774596
12637,0.7911246
12638,1.006212
12639,1.2576637
12640,1.5700359
12641,1.5531867
12642,1.3010273
12643,1.3299812
12644,1.433069
12754,0.11367687
12755,0.111141294
12756,0.52347326
12757,0.25379348
12760,0.2193217
12761,0.11764489
12762,0.117113106
12763,0.16594791
12764,0.14763501
12765,0.12149978
12766,0.29122952
12767,0.15079665
12768,0.24215788
12769,0.4654228
12770,0.36365423
12771,0.8095177
12772,1.0983291
12773,1.4685692
12774,1.2049948
12775,0.8129278
12776,1.0883504
12777,1.184526
12778,0.9451063
12779,1.1520295
12780,1.3949155
12781,1.5023903
12782,1.3936459
12783,1.0569751
12784,0.58219755
12785,1.2264147
12786,1.3238875
12787,1.494732
12788,1.4642117
12789,1.300239
12790,1.3477857
12791,1.4293752
12901,0.11222127
12902,0.14582983
12903,0.23237962
12904,0.51572037
12906,0.21218768
12907,0.10960024
12908,0.1215137
12909,0.13634595
12910,0.14126435
12911,0.105414145
12912,0.20248476
12913,0.18571706
12914,0.15100473
12915,0.51917136
12916,1.0780746
12917,1.2955313
12918,0.9183556
12919,1.1974167
12920,0.9862985
12921,0.61950976
12922,0.89297885
12923,1.1199274
12924,1.1731216
12925,1.2042731
12926,1.5013499
12927,1.231101
12928,1.3675346
12929,1.2664008
12930,1.1305392
12931,1.4637455
12932,1.5248413
12933,1.4977467
12934,1.4138179
12935,1.2716761
12936,1.3916376
12937,0.9385697
13045,0.12534732
13046,0.09529628
13047,0.11463478
13048,0.119058505
13049,0.17463209
13050,0.7113133
13052,0.49927932
13053,0.20109937
13054,0.45066068
13055,0.20279008
13056,0.20508912
13057,0.13245302
13058,0.123869196
13059,0.116678245
13060,0.1493583
13061,0.42565745
13062,1.1006535
13063,1.1003307
13064,1.0771632
13065,1.1069146
13066,1.001774
13067,0.5193266
13068,0.78225225
13069,1.1474351
13070,0.99559134
13071,0.95776117
13072,0.92607784
13073,0.9958997
13074,1.3106748
13075,1.1568042
13076,1.3164529
13077,1.462842
13078,1.536349
13079,1.4451294
13080,1.5216279
13081,1.2426577
13082,1.3839473
13083,1.0880244
13191,0.12440967
13192,0.118140265
13193,0.11358847
13194,0.11002741
13195,0.10947272
13196,0.89762086
13197,0.40788645
13198,0.4129129
13199,1.0127177
13200,1.1826688
13201,0.74193555
13202,0.2090185
13203,0.11122268
13204,0.11060504
13205,0.100718156
13206,0.22459543
13207,0.2653834
13208,0.8095154
13209,0.9958885
13210,0.9515697
13211,0.9540773
13212,1.2075363
13213,1.3094989
13214,1.0472871
13215,0.97760224
13216,0.9931695
13217,1.2356075
13218,0.98247606
13219,1.1247815
13220,1.270914
13221,0.9152896
13222,1.1236516
13223,1.2817572
13224,1.367844
13225,1.4251666
13226,1.4354335
13227,1.3923857
13228,1.4407976
13229,1.3020085
13339,0.10011976
13340,0.13950232
13341,0.12291933
13342,0.109856285
13343,0.15415746
13347,0.95759314
13348,1.1492634
13349,0.97707695
13350,0.5558631
13351,0.26508504
13352,0.13691047
13353,0.12075384
13354,0.32218
13355,0.1620125
13356,0.58736193
13357,1.313141
13358,0.9283037
13359,0.84786505
13360,1.1075022
13361,1.141185
13362,1.1693552
13363,1.2673547
13364,1.3528672
13365,1.2293377
13366,1.0658998
13367,1.4805914
13368,1.1667128
13369,1.0887303
13370,1.4141201
13371,1.2302872
13372,1.4005902
13373,1.2847219
13374,1.3262173
13375,1.3500767
13376,1.4869452
13377,1.4578867
13484,0.30236936
13485,0.6835621
13487,0.18586253
13488,0.3826764
13489,0.179914
13490,0.14290541
13491,0.20905781
13496,0.99058765
13497,1.392224
13498,1.1509984
13499,0.7371765
13500,0.2619821
13501,0.10775868
13502,0.12041552
13503,0.10222763
13504,0.77103573
13505,0.90946555
13506,0.874582
13507,0.9015028
13508,1.065089
13509,0.9987101
13510,1.2627984
13511,0.9101493
13512,1.1325374
13513,1.2094604
13514,1.4835409
13515,1.21776
13516,1.247142
13517,1.273912
13518,1.4569696
13519,1.2507396
13520,1.4081925
13521,1.3792281
13522,1.1386786
13523,1.1708144
13524,1.31523
13525,0.9281437
13638,0.15678824
13639,0.14115879
13643,0.7628766
13644,1.2779396
13645,1.2733735
13646,1.2284118
13647,0.61917776
13648,0.27169612
13649,0.16679372
13650,0.20460829
13651,0.8243788
13652,1.1924416
13653,0.7297631
13654,0.90055346
13655,0.3966651
13656,0.8916199
13657,0.9854224
13658,0.88846546
13659,1.0267314
13660,1.1311667
13661,1.5863199
13662,1.4140695
13663,1.2503457
13664,1.0129305
13665,1.2463182
13666,1.4999963
13667,1.4197102
13668,1.3242047
13669,1.1604586
13670,1.2691704
13671,1.4414692
13672,0.6710481
13777,0.8876733
13786,0.870488
13787,1.1421314
13788,1.293679
13789,1.0321221
13790,0.52474606
13791,0.17706208
13792,0.14249068
13793,0.30776513
13794,1.3452269
13795,1.2552218
13796,0.5543494
13797,0.24308771
13798,0.36957783
13799,1.0619437
13800,1.2365369
13801,1.3476912
13802,1.288143
13803,1.3811593
13804,1.3451812
13805,1.0338778
13806,0.44485193
13807,0.7975452
13808,1.3485652
13809,1.2810115
13810,1.4605954
13811,1.3410567
13812,1.1192003
13813,1.1498455
13814,1.320873
13815,1.0755038
13918,0.12648557
13919,0.4908786
13920,0.903648
13921,1.2586834
13922,0.7779179
13923,0.91091794
13930,1.1632603
13931,1.1911381
13932,0.7177347
13933,0.16196412
13934,0.10836135
13935,0.15668212
13936,0.29198194
13937,0.939459
13938,1.0886674
13939,0.43793774
13940,0.9110921
13941,0.56009316
13942,1.0406654
13943,1.234541
13944,0.7863112
13945,0.7668015
13946,1.0296396
13947,0.75251144
13948,0.12066621
13949,0.5496363
13950,1.378263
13951,1.4902836
13952,1.3173296
13953,1.209703
13954,1.2390778
13955,1.1002839
13956,1.0778359
13957,1.2031605
14061,0.11035195
14062,0.1411412
14063,0.5545193
14064,0.9335057
14065,1.0599891
14066,0.7965576
14067,0.9514567
14068,0.710086
14074,0.9718312
14075,0.48852423
14076,0.20067203
14077,0.1095922
14078,0.11723125
14079,0.38530684
14080,0.3956153
14081,0.6719088
14082,0.84559333
14083,0.45846716
14084,0.18966962
14085,0.6897575
14086,0.9329169
14087,0.70530117
14088,0.89571375
14089,0.807509
14090,1.0510595
14091,0.63003653
14092,0.33845618
14093,0.11616189
14094,0.21755803
14095,0.81517
14096,1.0224026
14097,1.2072868
14098,1.307699
14099,1.3192867
14100,0.96448165
14101,0.69467413
14102,1.3206018
14206,0.12729332
14207,0.10399124
14208,0.10825307
14209,0.1568227
14210,0.47952217
14211,0.6395302
14212,0.90864265
14213,1.0579575
14214,0.70924443
14220,0.5872561
14221,0.20501485
14222,0.18294428
14223,0.24245876
14224,0.31600296
14225,0.812174
14226,0.55048627
14227,0.4306801
14228,0.37805352
14229,0.38682157
14230,0.10803675
14231,0.34169337
14232,0.94368696
14233,1.0060455
14234,1.3092197
14235,1.4897292
14236,1.3603579
14237,0.9626847
14238,0.122335956
14239,0.117746755
14240,0.3514535
14241,0.5903475
14242,1.1341478
14243,1.287095
14244,1.2297937
14245,1.2342205
14246,0.98206156
14247,0.9893168
14248,1.2487646
14353,0.12928578
14354,0.5178705
14355,0.17064215
14356,0.18428357
14357,0.3762193
14358,0.4934431
14359,0.79721683
14360,0.9123806
14361,0.7889399
14362,0.44914037
14363,0.93905526
14367,0.5099678
14368,0.28430083
14369,0.3687749
14370,0.3028517
14371,1.0105141
14372,0.9123138
14373,0.93329346
14374,0.9631539
14375,0.32496497
14376,0.41104499
14377,0.16423267
14378,0.43868002
14379,1.0096219
14380,1.0193279
14381,1.1541932
14382,1.0827835
14383,1.4628886
14384,0.99227977
14385,0.21692693
14386,0.2601777
14387,0.460105
14388,0.8896802
14389,1.4977218
14390,1.2199455
14391,1.2668275
14392,1.3645608
14393,0.62193483
14394,0.5374537
14395,0.9648681
14501,0.5956943
14502,0.84963083
14503,0.7478405
14504,0.67746824
14505,0.5747543
14506,0.86070186
14507,0.66726846
14508,0.4684192
14509,0.9572143
14510,0.7339368
14511,0.61828464
14512,0.4459923
14513,0.4858071
14514,0.7013127
14515,0.6277803
14516,0.488774
14517,0.4862607
14518,0.60425955
14519,0.7843292
14520,0.7336979
14521,0.7989021
14522,1.2620972
14523,0.54837435
14524,0.6185129
14525,0.47929204
14526,1.0874134
14527,1.2674232
14528,1.1886448
14529,1.1988739
14530,1.2315484
14531,1.3802967
14532,0.6534405
14533,0.21948735
14534,0.6142774
14535,0.52770376
14536,0.52239406
14537,0.8376519
14538,1.3177657
14539,1.120317
14540,0.9747878
14541,0.21300036
14542,0.23903099
14543,0.80080193
14649,0.82829434
14650,0.8551736
14651,1.2520869
14652,0.81805605
14653,0.38453078
14654,0.68671656
14655,0.75376695
14656,0.59618783
14657,0.9103526
14658,0.88072795
14659,0.34606645
14660,0.34533712
14661,1.0181941
14662,1.0807031
14663,0.94752693
14664,0.63673556
14665,0.5230133
14666,0.5425102
14667,0.84258676
14668,0.5398668
14669,0.7774693
14670,1.0027487
14671,0.6148588
14672,0.5628636
14673,0.30787447
14674,1.246391
14675,0.99588406
14676,1.0439544
14677,1.0244232
14678,1.2482423
14679,1.1026558
14680,1.1325576
14681,0.6745803
14682,0.70882446
14683,0.6355599
14684,0.35636607
14685,0.9303037
14686,0.8673577
14687,0.7237525
14688,0.3650531
14689,0.13424118
14690,0.34952247
14691,0.8768898
14797,0.22239676
14798,0.34996805
14799,0.6023868
14800,0.27643922
14801,0.1653356
14802,0.19207084
14803,0.31718466
14804,0.29706958
14805,0.58070374
14806,0.9433003
14807,0.76489466
14808,0.57495743
14809,1.2370373
14810,0.9200506
14811,0.46445233
14812,0.49253738
14813,0.32167333
14814,0.49550596
14815,0.49998486
14816,0.88852924
14817,1.0979854
14818,1.0735681
14819,0.76136833
14820,0.20149738
14821,0.322251
14822,1.1233279
14823,1.1106113
14824,0.72259015
14825,0.5548141
14826,0.8915357
14827,1.1985335
14828,1.1346304
14829,1.0883893
14830,1.0752748
14831,0.3335674
14832,0.2969721
14833,0.7738191
14834,0.6225983
14835,0.35089892
14836,0.1496692
14837,0.15818521
14838,0.2425192
14839,0.57428527
14946,0.12792996
14947,0.103975594
14948,0.103918135
14949,0.12788557
14950,0.11688376
14951,0.12602745
14952,0.6205294
14953,1.0594875
14954,1.3421426
14955,1.3006588
14956,1.247528
14957,1.0075684
14958,0.6909332
14959,0.51434904
14960,0.5218652
14961,0.12900801
14962,0.79480076
14963,0.7124633
14964,1.0673455
14965,1.1022874
14966,1.1945243
14967,0.6053097
14968,0.24226567
14969,0.4539504
14970,1.3170143
14971,1.026962
14972,0.9339039
14973,0.43220133
14974,0.5394151
14975,0.83257836
14976,0.9838559
14977,1.0318348
14978,0.99661714
14979,0.64230216
14980,0.9343282
14981,1.2219434
14982,1.0470824
14983,0.56963706
14984,0.13031471
14985,0.20562062
14986,0.36553872
14987,0.57157284
15094,0.10855937
15095,0.12898712
15096,0.10753268
15097,0.117208295
15098,0.14709704
15099,0.73080957
15100,1.3538793
15101,1.3644793
15102,1.2172242
15103,0.75544506
15104,0.43411613
15105,0.66669685
15106,0.3955751
15107,0.459458
15108,0.63496363
15109,1.2244978
15110,1.0470966
15111,1.1293179
15112,1.1055459
15113,1.0739336
15114,0.1932612
15115,0.33562273
15116,0.79687876
15117,1.0617677
15118,1.0502418
15119,1.3180115
15120,0.802922
15121,1.0438257
15122,0.95581
15123,0.59919506
15124,1.0911474
15125,0.73032826
15126,1.0375168
15127,1.1798922
15128,1.1127739
15129,1.0386219
15130,0.8790998
15131,0.7142228
15132,0.72967476
15133,0.7759091
15134,0.3946353
15244,0.8118916
15245,1.301091
15246,1.1714644
15247,0.95217174
15248,0.17267892
15249,0.2630177
15250,0.3375624
15251,0.25642264
15252,0.6410008
15253,1.349667
15254,1.2074095
15255,1.1781453
15256,1.096885
15257,1.2307694
15258,0.4924669
15259,0.1721191
15260,0.5614342
15261,0.74567026
15262,0.5698528
15263,0.871739
15264,1.2541165
15265,1.2543123
15266,1.2300304
15267,0.9202611
15268,0.7581012
15269,0.34238335
15270,0.4509544
15271,0.7471365
15272,1.0831325
15273,0.9965502
15274,0.95792526
15275,1.036841
15276,1.2132633
15277,1.1124256
15278,1.0223143
15279,0.55726534
15387,0.8958554
15388,0.8205308
15389,0.24638328
15390,0.108261816
15393,0.9741655
15394,0.415191
15395,1.1271063
15396,1.2990052
15397,1.3699328
15398,1.362289
15399,1.2536769
15400,0.4919033
15401,0.31766263
15402,1.1424116
15403,0.89282376
15404,1.0098578
15405,1.0917313
15406,1.3085138
15407,1.1785167
15408,1.5053058
15409,0.97375226
15410,0.84232
15411,0.55141884
15412,0.51242477
15413,0.98116857
15414,1.2640741
15415,0.95049465
15416,1.2643886
15417,1.1444032
15418,0.9877113
15419,1.1226401
15420,1.3490939
15421,1.0587068
15532,0.50676334
15533,0.2852683
15534,0.33217394
15535,0.14968228
15539,0.4365594
15540,0.5083136
15541,1.1403137
15542,1.284512
15543,1.3921822
15544,1.1801854
15545,0.28422648
15546,0.4405893
15547,1.1155878
15548,1.085276
15549,1.2408639
15550,1.127028
15551,1.2542278
15552,1.1880672
15553,0.9950465
15554,0.8875508
15555,0.9520983
15556,1.1126876
15557,0.9637554
15558,1.1265541
15559,1.1427039
15560,1.0426396
15561,0.9511491
15562,1.287767
15563,1.0400281
15564,1.3625342
15565,1.3004596
15566,1.4162759
15679,0.36797434
15680,0.14338636
15684,0.67108625
15685,0.107221365
15686,0.21588889
15687,0.61721504
15688,1.0592812
15689,0.8773694
15690,0.43008745
15691,1.090113
15692,1.3906993
15693,1.2380695
15694,1.3135409
15695,1.2232537
15696,1.1027806
15697,0.84511364
15698,1.069321
15699,0.778011
15700,1.1210978
15701,1.3311536
15702,1.3358213
15703,1.2386975
15704,1.2934982
15705,0.9610482
15706,0.83069235
15707,1.2070245
15708,1.2943691
15709,1.1906482
15710,1.2984016
15711,1.2684146
15831,0.5337553
15832,0.13698275
15833,0.12978105
15834,0.36563933
15835,0.5933299
15836,0.43182972
15837,0.8830636
15838,1.4184463
15839,1.0861039
15840,1.0505505
15841,1.2235574
15842,1.0134093
15843,0.74263644
15844,0.96002555
15845,0.9321351
15846,1.3626734
15847,1.150746
15848,1.1867183
15849,1.2672788
15850,1.1423707
15851,1.0613979
15852,0.9782435
15853,1.2658666
15854,1.3052557
15855,1.1667217
15856,1.3219032
15857,0.7029339
15978,0.34372544
15979,0.3231063
15980,0.5057145
15981,0.5263829
15982,0.2957764
15983,0.31050298
15984,0.45644662
15985,0.35894072
15986,0.7069777
15987,0.5131518
15988,1.0121253
15989,0.91586447
15990,0.96123236
15991,0.9912027
15992,1.0816128
15993,1.1512632
15994,0.98922616
15995,0.9295399
15996,1.0737367
15997,1.2667882
15998,1.3904793
15999,1.1784563
16000,0.98075897
16001,1.092825
16002,0.82040673
16003,0.9238871
16004,0.93307096
16005,0.8423784
16121,0.1303945
16122,0.35008457
16123,0.14779285
16124,0.17658596
16125,0.23044476
16126,0.8407495
16127,1.4478725
16128,0.6943443
16129,0.8326845
16130,0.813901
16131,0.4140939
16132,0.3628061
16133,0.23288703
16134,0.9408052
16135,0.97168475
16136,0.737578
16137,1.0038265
16138,1.1076356
16139,1.003093
16140,1.0109046
16141,1.1896925
16142,1.1997509
16143,1.242973
16144,1.3220842
16145,1.1546751
16146,1.2348908
16147,1.2291415
16148,0.6742211
16149,0.85168904
16150,0.53811383
16151,0.78321284
16265,0.17641208
16266,0.27907994
16267,0.5034557
16268,0.6084442
16269,0.9271442
16270,1.3184054
16271,1.1271521
16272,0.93685853
16273,1.327272
16274,1.0891192
16275,0.51001006
16276,0.24346718
16277,0.37261018
16278,1.0466282
16279,0.96566075
16280,1.0602615
16281,0.81692314
16282,0.8960216
16283,0.924502
16284,0.93531746
16285,1.266966
16286,0.9773249
16287,1.0315439
16288,1.197905
16289,0.809134
16290,0.79783624
16291,1.3109802
16292,1.2461227
16293,1.186636
16294,0.7926072
16295,0.55271536
16411,0.4796284
16412,0.7830381
16413,0.96300447
16414,1.063021
16415,1.0199043
16416,1.0423248
16417,1.0799065
16418,1.1581813
16419,1.2527063
16420,1.156101
16421,0.36767647
16422,0.3549937
16423,0.91814154
16424,0.9815808
16425,0.9256106
16426,0.9082139
16427,0.78276443
16428,0.9749026
16429,0.951306
16430,0.88480794
16431,1.2376993
16432,1.0227131
16433,1.0503635
16434,0.84336805
16435,0.7279985
16436,0.8553811
16437,1.1398003
16438,1.1036406
16439,1.1714872
16440,1.1617588
16441,0.8357973
16557,0.26189932
16558,0.74442625
16559,0.709365
16560,1.2001381
16561,1.1453052
16562,0.7358013
16563,0.9873626
16564,1.2520628
16565,1.2670823
16566,0.9178127
16567,0.33015704
16568,0.40473014
16569,0.77117395
16570,1.1551327
16571,0.70082366
16572,0.8191925
16573,0.36813402
16574,0.33499312
16575,1.3581002
16576,1.2315979
16577,1.2385793
16578,0.99657845
16579,0.9242738
16580,0.6825327
16581,1.06184
16582,1.3295469
16583,1.3237407
16584,1.2199255
16585,1.2063817
16586,1.1464193
16587,1.0617508
16701,0.3452156
16702,0.3828512
16703,1.0007925
16704,1.27209
16705,1.1131781
16706,1.1312611
16707,1.0084293
16708,0.5252696
16709,0.83507633
16710,0.74201274
16711,1.1891885
16712,0.8205545
16713,0.5553797
16714,0.55318975
16715,1.2173375
16716,0.3432542
16717,0.20274228
16718,0.3224339
16719,0.33244625
16720,0.64611334
16721,0.7259821
16722,1.1156696
16723,1.1002423
16724,0.48376757
16725,0.35608277
16726,0.8526782
16727,1.1832395
16728,1.2086147
16729,0.8109404
16730,0.7006292
16731,1.0728067
16732,0.61178017
16847,0.37801418
16848,0.57329
16849,1.1763343
16850,1.116763
16851,1.233402
16852,1.1938075
16853,0.7302246
16854,0.41257936
16855,0.74709344
16856,0.9773479
16857,1.1335565
16858,1.1215554
16859,0.48144117
16860,0.675018
16861,0.7323808
16862,0.40779772
16863,0.10105937
16864,0.16517162
16865,0.18390045
16866,0.4458926
16867,0.5490422
16868,0.8798967
16869,1.2433518
16870,0.41308817
16871,0.19724765
16872,1.0482537
16873,1.1950487
16874,0.9471848
16875,0.24382159
16876,0.6089333
16877,0.8051038
16989,0.257269
16990,0.30340913
16991,0.959995
16992,1.0801061
16993,1.138168
16994,0.9788256
16995,0.62251705
16996,0.50747955
16997,0.7007361
16998,0.9781156
16999,1.1873968
17000,0.35188133
17001,0.37470505
17002,0.1712125
17003,0.27851498
17004,0.22166583
17005,0.19215018
17006,0.40318194
17007,0.89697176
17008,0.8264944
17009,0.31211668
17010,0.42343503
17011,0.5825921
17012,0.61318403
17013,0.76547027
17014,0.550077
17015,0.36339498
17129,0.13892774
17130,0.12760724
17131,0.5199307
17132,1.0380703
17133,1.1655412
17134,0.91238123
17135,0.42117503
17136,0.5452568
17137,0.57020485
17138,0.53653973
17139,0.37475073
17140,0.19355957
17141,0.2920263
17142,0.27350476
17143,0.5401671
17144,0.27890417
17145,0.18690938
17146,0.1228892
17147,0.18467271
17148,0.3919173
17149,0.7043916
17150,0.8860728
17151,0.85955256
17152,0.34240046
17153,0.3622465
17154,0.56629014
17155,1.0659285
17156,0.631475
17157,0.11695708
17273,0.32424727
17274,0.15029849
17275,0.1178475
17276,0.3540646
17277,0.49190447
17278,0.6116692
17279,0.77533543
17280,0.8434868
17281,0.2794465
17282,0.27817884
17283,0.21320891
17284,0.19044772
17285,0.12317246
17286,0.12282641
17287,0.15964237
17288,0.19058451
17289,0.50761914
17290,0.6727004
17291,0.1835502
17292,0.11323945
17293,0.18525632
17294,0.36692277
17295,0.54334474
17296,0.69099224
17297,0.5144978
17298,0.32329065
17299,0.5488321
17300,0.5866427
17301,0.7438287
17302,0.16559435
17303,0.21509671
17304,0.139945
17420,0.52275217
17421,0.3621671
17422,0.13940907
17423,0.27906772
17424,0.4742011
17425,0.6913596
17426,0.84962976
17427,0.5826011
17428,0.21975827
17429,0.17004159
17430,0.120498724
17431,0.12032639
17432,0.16021413
17433,0.15000592
17434,0.13467053
17435,0.59941196
17436,0.6701155
17437,0.63407224
17438,0.14100307
17439,0.28575543
17440,0.29793686
17441,0.8524367
17442,0.5369577
17443,0.17523181
17444,0.33807123
17445,0.17697823
17446,0.20430993
17447,0.21208853
17448,0.10060769
17449,0.22633356
17450,0.3351976
17566,0.39950654
17567,0.31661785
17568,0.14883481
17569,0.22287485
17570,0.14389303
17571,0.42885083
17572,0.23152915
17573,0.13431613
17574,0.14729549
17575,0.13374053
17576,0.10265652
17577,0.12017092
17578,0.139896
17579,0.12903345
17580,0.17946032
17581,0.50039274
17582,0.3969031
17583,0.5089935
17584,0.4187962
17585,0.40429682
17586,0.21722409
17587,0.84754676
17588,0.5905737
17589,0.11972356
17590,0.120316505
17591,0.10449347
17592,0.16279972
17593,0.1748082
17594,0.1984294
17595,0.53993124
17596,0.31577307
17597,0.41641703
17710,0.11246884
17711,0.12978247
17712,0.10336919
17713,0.11543781
17714,0.3397804
17715,0.17664848
17716,0.1788358
17717,0.14059189
17718,0.10404559
17719,0.11371597
17720,0.11860144
17721,0.25272074
17722,0.19332968
17723,0.11282061
17724,0.10383486
17725,0.11266998
17726,0.14709595
17727,0.15714455
17728,0.50323784
17729,0.5578981
17730,0.4771556
17731,0.6775149
17732,0.48511758
17733,0.20027539
17734,0.92156893
17735,0.6699126
17736,0.12133469
17737,0.12882549
17738,0.114336036
17739,0.09595674
17740,0.122893944
17741,0.6253768
17742,0.895765
17743,0.31495187
17744,0.3764883
17856,0.13016954
17857,0.17083876
17858,0.1382799
17859,0.10355385
17860,0.13791528
17861,0.15610841
17862,0.110835135
17863,0.18662211
17864,0.12142637
17865,0.11809749
17866,0.11354649
17867,0.12416154
17868,0.16389555
17869,0.18933406
17870,0.1303953
17871,0.11518352
17872,0.10989667
17873,0.11252008
17874,0.2439493
17875,1.110522
17876,0.9427925
17877,0.8049175
17878,0.94703794
17879,0.47792512
17880,0.116948955
17881,0.24632064
17882,0.8147133
17883,0.52734584
17884,0.10945259
17885,0.11092851
17886,0.10087554
17887,0.10883802
17888,0.19267872
17889,0.46170333
17890,0.3212315
17891,0.21954617
18004,0.16617718
18005,0.32235223
18006,0.36993435
18007,0.12771538
18008,0.1388143
18009,0.10766505
18010,0.11836773
18011,0.11755052
18012,0.11082297
18013,0.11213686
18014,0.11862488
18015,0.19071385
18016,0.2750119
18017,0.11434263
18018,0.13205615
18019,0.26347563
18020,0.43698496
18021,1.0345923
18022,0.8875863
18023,0.8877359
18024,0.846894
18025,0.23455283
18026,0.08810446
18027,0.17772362
18028,0.42284453
18029,0.5674628
18030,0.25855947
18031,0.103222266
18032,0.10579595
18033,0.109675266
18034,0.11748997
18035,0.27562925
18036,0.30847862
18037,0.11394527
18128,0.11441023
18129,0.13073978
18130,0.12468115
18131,0.10288937
18132,0.14385831
18133,0.30148003
18134,0.118701465
18135,0.11450331
18148,0.7492093
18149,0.24548686
18150,0.5381268
18151,0.18372542
18152,0.11894642
18153,0.1192587
18154,0.1084456
18155,0.12260841
18156,0.17426226
18157,0.12893888
18158,0.11377086
18159,0.11548379
18160,0.20960537
18161,0.14234698
18162,0.11432946
18163,0.11157343
18164,0.32209983
18165,0.59906596
18166,1.3932651
18167,0.83744717
18168,0.744385
18169,0.77111524
18170,0.35266113
18171,0.277405
18172,0.39570558
18173,0.5557911
18174,0.37720782
18175,0.2225739
18176,0.12715311
18177,0.12120786
18178,0.113053925
18179,0.123399526
18180,0.106232226
18181,0.11978001
18182,0.106488004
18270,0.12667967
18271,0.15921728
18272,0.2205099
18273,0.118184224
18274,0.100488365
18275,0.12843432
18276,0.11457507
18277,0.10717261
18278,0.13007185
18279,0.12005901
18280,0.12367564
18281,0.17481533
18292,0.6082521
18293,0.4347516
18294,0.19534314
18295,0.12645747
18296,0.118603885
18297,0.098337695
18298,0.20169118
18299,0.117303774
18300,0.14707841
18301,0.14976196
18302,0.10756474
18303,0.11568767
18304,0.28052536
18305,0.25753155
18306,0.114242055
18307,0.12805116
18308,0.18008322
18309,0.79820055
18310,1.0962875
18311,0.47247154
18312,0.63047874
18313,0.5766466
18314,0.6388959
18315,0.57501
18316,0.40058368
18317,0.28668123
18318,0.26464576
18319,0.120857805
18320,0.11506581
18321,0.10468741
18322,0.11021915
18323,0.109751895
18324,0.10972595
18325,0.11111325
18326,0.11432563
18413,0.11759247
18414,0.10750139
18415,0.11836782
18416,0.13342156
18417,0.16762534
18418,0.123202264
18419,0.1321205
18420,0.2326693
18421,0.103170045
18422,0.116431095
18423,0.13040386
18424,0.1345565
18425,0.13409865
18426,0.22919649
18427,0.26087725
18436,0.37629998
18437,0.49195343
18438,0.24092749
18439,0.11089242
18440,0.1028111
18441,0.16057563
18442,0.26064682
18443,0.13471402
18444,0.11122118
18445,0.1908383
18446,0.17185234
18447,0.12980151
18448,0.13533518
18449,0.14896947
18450,0.44005606
18451,0.15264177
18452,0.13970348
18453,0.17211837
18454,0.7746643
18455,0.86019284
18456,0.2845835
18457,0.17171976
18458,0.37089837
18459,0.38030878
18460,0.30919132
18461,0.48883435
18462,0.34431684
18463,0.22310936
18464,0.12965207
18465,0.121918
18466,0.115324326
18467,0.09423715
18468,0.10262514
18469,0.10866798
18470,0.11271325
18471,0.118190646
18559,0.11606832
18560,0.12064752
18561,0.11182768
18562,0.13149668
18563,0.23342025
18564,0.18250147
18565,0.1415296
18566,0.12686081
18567,0.11543993
18568,0.113389626
18569,0.13281634
18570,0.12191785
18571,0.13015646
18572,0.17543334
18573,0.13699818
18574,0.21906787
18584,0.13623708
18585,0.2574025
18586,0.16361392
18587,0.13316959
18588,0.15258822
18589,0.16593441
18590,0.115824185
18591,0.23933965
18592,0.16835675
18593,0.12992236
18594,0.15470508
18595,0.300517
18596,0.28284156
18597,0.16645443
18598,0.14909631
18599,0.28766096
18600,0.33740804
18601,0.1434362
18602,0.22480169
18603,0.49162954
18604,0.28654495
18605,0.63770854
18606,0.16523707
18607,0.14593917
18608,0.41571516
18609,0.18750517
18610,0.13250457
18611,0.1081965
18612,0.15429375
18613,0.103549294
18614,0.112701595
18702,0.12068027
18703,0.122987285
18704,0.1278792
18705,0.17353372
18706,0.22612697
18707,0.21716908
18708,0.16463296
18709,0.18451512
18710,0.11922554
18711,0.122409016
18712,0.10912418
18713,0.14072326
18714,0.15986355
18715,0.16300194
18716,0.12855393
18717,0.19850144
18718,0.15582836
18719,0.11836798
18728,0.14083251
18729,0.34275422
18730,0.19062734
18731,0.11010727
18732,0.1148468
18733,0.20332101
18734,0.2641881
18735,0.8456776
18736,0.49455848
18737,0.128828
18738,0.199518
18739,0.39869943
18740,0.282246
18741,0.17473194
18742,0.16093549
18743,0.19506744
18744,0.25122708
18745,0.14953357
18746,0.16684243
18747,0.39029658
18748,0.39960825
18749,0.73002636
18750,0.438036
18751,0.6927301
18752,0.27407724
18753,0.15046144
18754,0.21878508
18755,0.13800998
18756,0.10852046
18757,0.16830912
18758,0.14799668
18759,0.11442062
18760,0.117664106
18761,0.106707364
18848,0.11920087
18849,0.17341384
18850,0.12286877
18851,0.15828922
18852,0.18576717
18853,0.21916837
18854,0.2494699
18855,0.33322048
18856,0.21353409
18857,0.0962549
18858,0.11189638
18859,0.1139218
18860,0.13227475
18861,0.12765215
18862,0.10964765
18863,0.1350955
18864,0.22954693
18865,0.2337892
18866,0.12160634
18867,0.106348194
18876,0.21515617
18877,0.113400385
18878,0.14734219
18879,0.2803154
18880,0.15875295
18881,0.15470225
18882,0.45876184
18883,0.57965577
18884,0.53367376
18885,0.38501507
18886,0.29918152
18887,0.23080224
18888,0.18108258
18889,0.14863686
18890,0.12270653
18891,0.30652952
18892,0.12656306
18893,0.15580183
18894,0.25411683
18895,0.33178332
18896,0.4280672
18897,0.5175947
18898,0.22339538
18899,0.18254933
18900,0.118936054
18901,0.15912125
18902,0.123224
18903,0.10520386
18904,0.19692534
18905,0.224693
18906,0.11926391
18907,0.106823914
18908,0.10842976
18995,0.117687434
18996,0.35792857
18997,0.51904875
18998,0.66657495
18999,0.5689416
19000,0.33209613
19001,0.52504647
19002,0.7577817
19003,0.5127459
19004,0.15240955
19005,0.18055567
19006,0.1277036
19007,0.12143029
19008,0.11544342
19009,0.1282084
19010,0.13508987
19011,0.17269117
19012,0.12973295
19013,0.116128065
19022,0.2757798
19023,0.19414398
19024,0.0898212
19025,0.12975654
19026,0.11519995
19027,0.104344755
19028,0.12339683
19029,0.1801062
19030,0.57110846
19031,0.6510484
19032,0.72598606
19033,0.46780398
19034,0.4248136
19035,0.21289957
19036,0.15902899
19037,0.2538082
19038,0.36868003
19039,0.22928596
19040,0.2561378
19041,0.30091986
19042,0.23327959
19043,0.20934024
19044,0.33623204
19045,0.10632981
19046,0.10586797
19047,0.11796865
19048,0.12056401
19049,0.11706961
19050,0.19243665
19051,0.11986483
19052,0.111011505
19053,0.08558953
19139,0.18887514
19140,0.5197792
19141,0.8914582
19142,1.4381146
19143,1.2743073
19144,1.10997
19145,0.8608135
19146,0.6120847
19147,0.4837994
19148,0.1896635
19149,0.13123944
19150,0.15292431
19151,0.111289576
19152,0.12103364
19153,0.1765512
19154,0.40399393
19155,0.24341798
19156,0.186185
19157,0.122809194
19158,0.10988198
19159,0.10469518
19168,0.150723
19169,0.26563892
19170,0.31447783
19171,0.16440663
19172,0.13988793
19173,0.115040034
19174,0.11571197
19175,0.11096894
19176,0.11509677
19177,0.15327495
19178,0.22679138
19179,0.27594447
19180,0.21559049
19181,0.20700276
19182,0.14865595
19183,0.23267815
19184,0.65522474
19185,0.4085666
19186,0.34776646
19187,0.321544
19188,0.23498341
19189,0.28404525
19190,0.28865415
19191,0.312072
19192,0.1320003
19193,0.109278
19194,0.1613916
19195,0.14953957
19196,0.1355534
19197,0.10379483
19198,0.24635255
19199,0.3050412
19286,0.7590861
19287,0.8850857
19288,1.0933857
19289,1.3098933
19290,1.2024995
19291,1.2876208
19292,1.1978824
19293,1.140499
19294,0.5702539
19295,0.2958762
19296,0.40730184
19297,0.27493283
19298,0.11344651
19299,0.10435756
19300,0.26515952
19301,0.6586888
19302,0.49467635
19303,0.39460444
19304,0.12405233
19305,0.16159691
19306,0.1217779
19307,0.31598482
19316,0.25393254
19317,0.2398049
19318,0.5424951
19319,0.45501286
19320,0.17237295
19321,0.21213493
19322,0.14137015
19323,0.22404598
19324,0.18452482
19325,0.115052596
19326,0.11837303
19327,0.11318029
19328,0.11972489
19329,0.1141184
19330,0.18988551
19331,0.35379922
19332,0.3073029
19333,0.13783303
19334,0.35883212
19335,0.36100712
19336,0.17261624
19337,0.18289095
19338,0.34670615
19339,0.39050272
19340,0.18593377
19341,0.11053885
19342,0.15487465
19343,0.24866816
19344,0.26536742
19345,0.34545043
19433,0.34436923
19434,0.5967739
19435,1.0765538
19436,1.2706723
19437,1.2018338
19438,0.9133769
19439,1.3413504
19440,1.1755865
19441,0.7400372
19442,0.51361257
19443,1.2097272
19444,0.38792443
19445,0.3327141
19446,0.42340177
19447,0.23908868
19448,0.67486405
19449,0.392899
19450,0.13205953
19451,0.16245422
19452,0.38961092
19453,0.48542252
19454,0.2567895
19463,0.2158414
19464,0.1138072
19465,0.18644577
19466,0.3671704
19467,0.58595675
19468,0.51443183
19469,0.56062484
19470,0.24710035
19471,0.100051045
19472,0.24138132
19473,0.10592946
19474,0.11140154
19475,0.123244114
19476,0.15514416
19477,0.32862675
19478,0.20023067
19479,0.12651949
19480,0.19180813
19481,0.34179258
19482,0.3061604
19483,0.11222994
19484,0.13794775
19485,0.17011985
19486,0.2166146
19487,0.12760536
19488,0.1439829
19489,0.30033645
19490,0.15494391
19491,0.18016702
19577,0.21149467
19578,0.4284955
19579,1.0910958
19580,1.2683618
19581,0.8247635
19582,0.63760537
19583,0.60088354
19584,0.5551713
19585,0.17549604
19586,0.1830638
19587,0.895574
19588,0.4799682
19589,0.9959805
19590,0.6580596
19591,0.11973174
19592,0.117577285
19593,0.24122891
19594,0.20704164
19595,0.28547314
19596,0.24963415
19597,0.16615108
19598,0.16403155
19608,0.11633894
19609,0.12622237
19610,0.11512914
19611,0.5739985
19612,0.9392727
19613,0.60940254
19614,0.17622325
19615,0.23013929
19616,0.1633533
19617,0.10698312
19618,0.11107652
19619,0.1153575
19620,0.12117501
19621,0.24901658
19622,0.18780825
19623,0.13289198
19624,0.2031636
19625,0.48481822
19626,0.35232332
19627,0.14284179
19628,0.10771601
19629,0.109340966
19630,0.15991688
19631,0.10627295
19632,0.14577454
19633,0.14501843
19634,0.18747795
19722,0.18132123
19723,0.21641694
19724,0.6190769
19725,0.5173195
19726,0.2811452
19727,0.58629566
19728,0.18045062
19729,0.56056386
19730,0.37655753
19731,0.31312692
19732,1.0028669
19733,1.0634812
19734,0.8794876
19735,0.3118799
19736,0.38803685
19737,0.42973647
19738,0.35863894
19739,0.3263571
19740,0.32514066
19741,0.1959545
19742,0.09931175
19743,0.16831791
19754,0.2503379
19755,0.12933066
19756,0.16745827
19757,0.34475407
19758,0.13483381
19759,0.2580401
19760,0.14690505
19761,0.109274216
19762,0.0950182
19763,0.118235074
19764,0.1222725
19765,0.18607633
19766,0.24827904
19767,0.22008231
19768,0.14345258
19769,0.25883737
19770,0.46386257
19771,0.16293496
19772,0.101730034
19773,0.12143245
19774,0.10480816
19775,0.1064102
19776,0.11033933
19777,0.12204638
19866,0.15178174
19867,0.123926744
19868,0.11404569
19869,0.2974643
19870,0.28258902
19871,0.30948907
19872,0.44875786
19873,0.92681926
19874,0.78629947
19875,0.9016385
19876,1.1431981
19877,1.1219118
19878,0.44565004
19879,0.5224705
19880,0.56658584
19881,0.59015703
19882,0.28691977
19883,0.17939317
19884,0.17929095
19885,0.16376796
19886,0.15998298
19898,0.14037594
19899,0.1435668
19900,0.25507912
19901,0.17750403
19902,0.11201727
19903,0.12892282
19904,0.122060604
19905,0.09973468
19906,0.10972247
19907,0.123582155
19908,0.19864847
19909,0.1157437
19910,0.11471684
19911,0.1042102
19912,0.19705203
19913,0.36544162
19914,0.1717448
19915,0.15572618
19916,0.10105447
19917,0.10571633
19918,0.12398655
19919,0.11033224
19920,0.11848068
20010,0.24382189
20011,0.13238183
20012,0.122444674
20013,0.27371597
20014,0.16048357
20015,0.13412511
20016,0.18856898
20017,0.4534567
20018,0.47714156
20019,1.0338979
20020,0.94237334
20021,0.58872956
20022,0.36265293
20023,0.50777256
20024,0.33983862
20025,0.46375984
20026,0.42124406
20027,0.19749281
20028,0.12375258
20029,0.11756505
20030,0.14449595
20031,0.11273459
20044,0.133638
20045,0.13411456
20046,0.35976177
20047,0.086382166
20048,0.19996919
20049,0.35158595
20050,0.26200727
20051,0.25368854
20052,0.17367774
20053,0.63630503
20054,0.32376498
20055,0.11563015
20056,0.121031664
20057,0.17108876
20058,0.20127508
20059,0.18710837
20060,0.17035411
20061,0.15411606
20062,0.11149602
20063,0.12182611
20064,0.11677239
20065,0.14052941
20157,0.189242
20158,0.17453082
20159,0.29853597
20160,0.35491514
20161,0.20046975
20162,0.22888583
20163,0.21835864
20164,0.943284
20165,1.1346192
20166,0.6991157
20167,0.10401808
20168,0.42306006
20169,0.13515829
20170,0.11499538
20171,0.13355112
20172,0.14023456
20173,0.11232741
20174,0.14603077
20175,0.1025483
20176,0.18514684
20191,0.113685906
20192,0.11360975
20193,0.14676966
20194,0.38413626
20195,0.7164544
20196,0.76807106
20197,0.9120724
20198,0.63162255
20199,0.91620326
20200,0.8179728
20201,0.26843667
20202,0.16933666
20203,0.14348193
20204,0.17117047
20205,0.15246056
20206,0.12144699
20207,0.39834192
20208,0.31475776
20209,0.11403201
20210,0.144636
20304,0.20994411
20305,0.16294423
20306,0.54402953
20307,0.804775
20308,0.22584283
20309,0.42131573
20310,0.6916608
20311,0.74286073
20312,0.8852777
20313,0.4910118
20314,0.2896127
20315,0.22978392
20316,0.12634462
20317,0.10535769
20318,0.10876389
20319,0.1081802
20320,0.112845026
20321,0.10918489
20322,0.16912079
20323,0.170784
20338,0.10912841
20339,0.10879876
20340,0.1438469
20341,0.5539016
20342,0.6326592
20343,0.66278005
20344,0.9359805
20345,0.68268734
20346,0.9806879
20347,1.0110979
20348,0.13050695
20349,0.26123637
20350,0.24767116
20351,0.11723573
20352,0.15093598
20353,0.15914676
20354,0.30908856
20355,0.2125076
20356,0.1374006
20451,0.111779556
20452,0.18625894
20453,0.22239041
20454,0.26677567
20455,0.1104831
20456,0.3089584
20457,0.50529027
20458,0.6029238
20459,0.50265926
20460,0.2210783
20461,0.40724635
20462,0.3289012
20463,0.12923795
20464,0.11393717
20465,0.12075236
20466,0.11748122
20467,0.20846972
20468,0.2612748
20469,0.18693978
20485,0.10697327
20486,0.11926702
20487,0.2090536
20488,0.49667087
20489,0.22672044
20490,0.31161213
20491,0.85454124
20492,1.0426946
20493,1.132467
20494,1.0520625
20495,0.19848175
20496,0.3634591
20497,0.21800993
20498,0.114984885
20499,0.1096489
20500,0.1249302
20501,0.12795353
20599,0.11172041
20600,0.20492631
20601,0.11120717
20602,0.110639624
20603,0.2503246
20604,0.28510955
20605,0.36279547
20606,0.2216973
20607,0.15143277
20608,0.2574206
20609,0.2591335
20610,0.11695748
20611,0.11146545
20612,0.12626164
20613,0.124080755
20614,0.13468295
20615,0.22078931
20616,0.14094834
20632,0.20782506
20633,0.47853193
20634,0.50485486
20635,0.69427335
20636,0.7181455
20637,0.26545227
20638,0.5744845
20639,1.0438281
20640,1.3343275
20641,0.7978328
20642,0.1862219
20643,0.45278916
20644,0.13558133
20645,0.115785986
20646,0.115712255
20647,0.11821372
20747,0.114774086
20748,0.13363166
20749,0.1153655
20750,0.18869704
20751,0.25855228
20752,0.10520889
20753,0.13053314
20754,0.16025394
20755,0.14262632
20756,0.2829537
20757,0.15779296
20758,0.11092075
20759,0.101992644
20760,0.11757374
20761,0.12583551
20762,0.10941161
20779,0.21188496
20780,0.7974662
20781,0.86029494
20782,0.65426123
20783,0.57309353
20784,0.5388056
20785,0.7087581
20786,1.0878003
20787,1.4212509
20788,0.7010383
20789,0.28040165
20790,0.35930696
20791,0.18263808
20792,0.113611735
20793,0.113749266
20794,0.11346468
20895,0.105250485
20896,0.47237366
20897,0.30190927
20898,0.10380292
20899,0.101910695
20900,0.13063699
20901,0.1203963
20902,0.14212975
20903,0.28562298
20904,0.13064373
20905,0.14480114
20906,0.10648597
20907,0.10726471
20926,0.26795304
20927,0.5813439
20928,0.54832345
20929,0.37739193
20930,0.47260696
20931,0.5173053
20932,0.2998574
20933,0.4232797
20934,0.59467417
20935,0.19708881
20936,0.23924369
20937,0.16632059
20938,0.116458416
20939,0.113113366
20940,0.116363496
21043,0.20475781
21044,0.13605188
21045,0.11084455
21046,0.1694909
21047,0.13217385
21048,0.14008796
21049,0.3548556
21050,0.18493566
21051,0.10218472
21052,0.112145185
21073,0.189022
21074,0.16230814
21075,0.11519802
21076,0.19916967
21077,0.3090479
21078,0.12312612
21079,0.120525904
21080,0.13424617
21081,0.16838774
21082,0.1306115
21083,0.1348742
21084,0.11403431
21085,0.11200332
21086,0.115043655
21193,0.24248496
21194,0.22374749
21195,0.13822827
21196,0.21724522
21220,0.12475693
21221,0.19353533
21222,0.19692038
21223,0.17571467
21224,0.13398433
21225,0.113527566
21226,0.11200353
21227,0.10840753
21228,0.11260894
21229,0.11533722
21230,0.116486564
21231,0.112749666
21232,0.11588834
21233,0.10944064
21368,0.16946155
21369,0.14152771
21370,0.12695639
21371,0.12255265
21372,0.106394574
21373,0.109369405
21374,0.15078187
21375,0.11973405
21376,0.113207184
21377,0.11163105
21378,0.12557943
21379,0.118821725
21515,0.11432077
21516,0.11341471
21517,0.115017235
21518,0.10726468
21519,0.109347545
21520,0.14966765
21521,0.2048833
21522,0.10831495
21523,0.13120991
21524,0.13398442
21662,0.109816685
21663,0.10951811
21664,0.11292296
21665,0.16881737
21666,0.15800871
21667,0.13784146
