zone_id,calls_weekend_nn
355,-2.0159693
356,-2.1725204
357,-0.93552107
358,-0.7529436
359,-1.060523
360,-1.5110366
361,-2.0564654
502,-2.1019082
503,-1.9810497
504,-1.9900995
505,-2.2096028
506,-1.8437781
507,-1.7771107
508,-1.2506115
509,-0.6091404
510,-2.0292447
511,-2.2515802
649,-2.338193
650,-2.090865
651,-2.0022383
652,-1.855691
653,-1.8301028
654,-1.5076083
655,-1.6735543
656,-0.83020127
657,-1.0986636
658,-1.9346769
659,-2.1558955
660,-2.0893445
661,-1.9365886
797,-2.1914973
798,-2.2684476
799,-2.1863172
800,-1.9901128
801,-2.1590664
802,-1.821393
803,-1.2141651
804,-1.1467597
805,-0.8460565
806,-0.58317715
807,-0.8228302
808,-1.5287148
809,-2.0923553
810,-1.8304712
811,-2.0503619
944,-1.6439071
945,-2.1508765
946,-2.3434815
947,-2.3042803
948,-2.006694
949,-1.9748199
950,-1.0275819
951,-0.8839464
952,-0.79354405
953,0.56109834
954,0.16995926
955,-0.9315476
956,-2.4368405
957,-2.2754972
958,-2.031458
959,-1.9329659
1089,0.17207015
1090,0.06616333
1091,-1.4656763
1092,-1.7949554
1093,-2.3017902
1094,-2.231873
1095,-1.196783
1096,-0.58594245
1097,-0.24746788
1098,0.3694801
1099,-1.4533846
1100,-0.81864595
1101,-1.1132886
1102,-1.5450711
1103,-2.0921884
1104,-2.334654
1105,-1.8103188
1106,-1.4686435
1237,0.47053412
1238,1.0078081
1239,0.1937284
1240,0.39492452
1241,-1.0493755
1242,-1.1276551
1243,0.1535453
1244,-0.091561995
1245,0.48553976
1246,0.07914224
1247,-1.1532061
1248,-1.507073
1249,-0.5076686
1250,-0.5937256
1251,-1.7110317
1252,-2.2891874
1253,-2.2372468
1254,-1.8328848
1255,-2.0498803
1382,-0.90927684
1383,0.13499907
1384,0.7808615
1385,1.0793978
1386,0.24909423
1387,-0.22513182
1388,-0.26914594
1389,0.19500163
1390,0.32740003
1391,-0.15261084
1392,-1.5321088
1393,-1.2891957
1394,-0.96115154
1395,-0.49813423
1396,-1.5389272
1397,-2.21407
1398,-2.3529677
1399,-1.93813
1400,-2.3385308
1524,-2.1011617
1525,-2.0777953
1526,-0.31217456
1527,1.0822729
1528,0.5695619
1529,0.3490866
1530,-0.4458123
1531,0.44763044
1532,-0.3318229
1533,0.46041644
1534,-0.2791662
1535,-0.44714135
1536,-0.79046273
1537,-1.360679
1538,-1.6355596
1539,-1.937501
1540,-2.088278
1541,-2.067012
1542,-1.825052
1543,-1.9070667
1664,-2.5146608
1665,-2.103077
1666,-1.3874164
1667,0.0028886758
1668,0.89245045
1669,-0.5474695
1670,-1.3357583
1671,-0.96250844
1672,-0.6989133
1673,0.46825567
1674,1.0102423
1675,0.9858875
1676,-0.11461426
1677,-0.81300277
1678,-1.5559877
1679,-1.4219148
1680,-1.705003
1681,-1.8087946
1682,-1.3250419
1683,-1.3020805
1807,-2.0005345
1808,-2.1123662
1809,-1.8495004
1810,-1.3705858
1811,-0.56111497
1812,-0.95499754
1813,-1.8855226
1814,-1.8389133
1815,-1.3996116
1816,-0.38482758
1817,0.2241111
1818,-0.3808607
1819,-0.758224
1820,-1.2197542
1821,-1.7734882
1822,-1.7837347
1823,-1.4298761
1824,-1.755331
1825,-1.1336273
1826,-1.7128371
1950,-2.1179874
1951,-2.1537192
1952,-1.1306465
1953,-0.56158835
1954,-1.563831
1955,-2.1112752
1956,-2.287473
1957,-2.1865852
1958,-1.7549756
1959,-1.5334702
1960,-1.12104
1961,-1.2957667
1962,-0.5619929
1963,-1.1265641
1964,-1.4240696
1965,-1.3951939
1966,-1.8358821
1967,-2.1171103
1968,-1.4794568
1969,-1.9450138
2093,-2.0983546
2094,-1.2449539
2095,-1.0783901
2096,-1.4172045
2097,-2.0457797
2098,-1.732063
2099,-2.3853889
2100,-2.2774336
2101,-1.7686086
2102,-1.2843127
2103,-1.1416533
2104,-1.0133151
2105,-1.0572969
2106,-1.31272
2107,-1.526128
2108,-2.1940856
2109,-2.5008984
2110,-2.2984343
2111,-2.0432532
2233,-2.3439894
2234,-1.702516
2235,-2.0170033
2236,-1.8653018
2237,-1.7758327
2238,-1.5042251
2239,-2.2328684
2240,-2.2312615
2241,-1.2181587
2242,-0.0072556324
2243,-1.2093643
2244,-1.7456528
2245,-1.7330673
2246,-1.5370069
2247,-1.7561854
2248,-2.114337
2249,-2.4704576
2250,-2.6324594
2251,-2.1467004
2371,-2.1490917
2372,-1.8327535
2373,-1.967542
2374,-1.9754399
2375,-1.7109851
2376,-2.1984181
2377,-2.22209
2378,-2.3688414
2379,-1.0806388
2380,-0.6541373
2381,-1.9179976
2382,-1.8882909
2383,-2.1178398
2384,-2.4509807
2385,-1.6721293
2386,-1.6007866
2387,-2.0754552
2388,-2.5216532
2487,-0.93039477
2488,-1.4282748
2489,-1.8041272
2490,-2.3399038
2491,-2.1363747
2492,-2.4300785
2493,-2.3988495
2508,-2.388665
2509,-2.1882226
2510,-1.9373112
2511,-2.0554872
2512,-2.3736525
2513,-2.1200955
2514,-2.1049275
2515,-1.8576728
2516,-1.6947982
2517,-1.2816693
2518,-1.5303093
2519,-2.2014205
2520,-2.2129636
2521,-1.4968785
2522,-1.6668308
2523,-2.3083172
2524,-2.217837
2625,-1.6197214
2626,-1.2551969
2627,-0.6993466
2628,-0.7942318
2629,-2.4615905
2630,-2.414681
2631,-2.4840012
2632,-2.4060254
2633,-2.2993906
2648,-2.0611186
2649,-1.6701632
2650,-1.9306439
2651,-2.0443308
2652,-2.0083811
2653,-1.8720039
2654,-1.9219961
2655,-0.9746816
2656,-0.51406324
2657,-1.4288516
2658,-1.612997
2659,-1.760295
2660,-2.340424
2661,-2.6309776
2662,-2.510822
2763,-1.9835767
2764,-1.7780576
2765,-0.71124846
2766,-0.012002703
2767,-0.7648564
2768,-2.4431937
2769,-2.338727
2770,-2.4845686
2771,-2.490291
2772,-2.312517
2789,-1.9493982
2790,-1.8765007
2791,-2.186195
2792,-2.2527032
2793,-2.2474766
2794,-0.57887596
2795,0.42620805
2796,-0.22790775
2797,-1.294212
2798,-1.119285
2799,-1.5499831
2800,-2.0822558
2801,-2.2099369
2900,-2.2896516
2901,-2.051325
2902,-2.0616286
2903,-1.1011323
2904,0.26410028
2905,-0.4544956
2906,-1.0690751
2907,-2.2120574
2908,-2.3723924
2909,-2.431191
2910,-2.3663437
2911,-2.2191343
2912,-2.4129105
2931,-2.4809732
2932,-2.4950907
2933,-2.4826012
2934,-2.3737648
2935,-0.18257575
2936,0.44194922
2937,-1.3865522
2938,-0.7698663
2939,-0.30406216
2940,-1.2258911
2941,-1.9457171
3043,-2.1522415
3044,-2.2654264
3045,-2.2448409
3046,-2.1200588
3047,-0.9912926
3048,0.755271
3049,-0.41024303
3050,-1.7074441
3051,-2.2712028
3052,-2.313969
3053,-2.2341316
3054,-2.4031692
3055,-2.4618711
3072,-2.2821984
3073,-0.96520805
3074,-0.5224747
3075,-1.3446696
3076,-0.9676041
3184,-2.2113523
3185,-1.7919917
3186,-1.9250804
3187,-2.4257534
3188,-2.4828575
3189,-1.5553381
3190,-0.5433807
3191,-0.8571714
3192,-1.1738632
3193,-2.0449557
3194,-2.2108529
3195,-2.3596017
3196,-2.0604033
3197,-2.1022234
3328,-2.1027663
3329,-1.4860593
3330,-1.8060253
3331,-2.0867424
3332,-2.4589283
3333,-1.6362777
3334,-0.102432534
3335,-0.6384668
3336,-1.346011
3337,-1.9997652
3338,-2.211146
3339,-2.0472817
3340,-2.1782582
3341,-2.2018383
3475,-2.0284798
3476,-1.6835344
3477,-1.8832161
3478,-2.265008
3479,-2.4536257
3480,-0.5306842
3481,0.793031
3482,-0.3019571
3483,-1.0219254
3484,-1.609818
3485,-1.9534112
3486,-2.0869899
3487,-1.819198
3488,-2.3325136
3624,-1.4926158
3625,-2.2687323
3626,-2.4372518
3627,-2.0473225
3628,-0.7590112
3629,0.5476526
3630,-0.16479394
3631,-0.49951413
3632,-0.24160185
3633,-1.6706529
3634,-1.9919962
3635,-1.5740443
3636,-2.0603566
3664,-2.0235565
3772,-2.198161
3773,-2.1506279
3774,-2.0167112
3775,-1.7920489
3776,-1.8195276
3777,-0.8585698
3778,-1.0184354
3779,-1.2906423
3780,-0.44776118
3781,-1.0955988
3782,-2.235481
3783,-2.0231645
3784,-2.191081
3812,-1.3548136
3813,-1.7302847
3814,-1.2838002
3921,-2.0221863
3922,-1.9802607
3923,-1.7359759
3924,-1.550274
3925,-1.7551637
3926,-1.6001273
3927,-1.7573967
3928,-1.1949242
3929,-0.354217
3930,-0.79151857
3931,-1.7252594
3932,-2.2703216
3960,-0.19282134
3961,-0.29851383
3962,0.62125444
4070,-2.2147334
4071,-1.7165208
4072,-1.8438597
4073,-1.7613286
4074,-2.0708575
4075,-2.253029
4076,-1.933408
4077,-0.6932619
4078,-0.432745
4101,-1.2315779
4102,-1.9468882
4106,-0.5437144
4107,-0.75642604
4108,-0.9176252
4215,-1.9944087
4216,-2.0474555
4217,-2.0983262
4218,-1.8504649
4219,-2.2400854
4220,-2.39293
4221,-1.7412483
4222,-1.0217444
4248,-1.5050789
4249,-1.9105805
4253,-1.1750914
4254,-1.7160559
4366,-2.024331
4367,-2.1321988
4368,-2.1266568
4393,-1.6496966
4394,-1.9786463
4395,-2.0495417
4398,-1.5856805
4399,-1.9890195
4537,-1.8648195
4538,-2.2071173
4539,-2.0233238
4540,-2.3820238
4541,-2.2795818
4542,-1.9431598
4543,-1.8858805
4675,-1.8946046
4676,-2.24318
4677,-2.131716
4678,-2.2018733
4679,-2.4528983
4680,-2.0171144
4681,-1.9730923
4682,-1.6925641
4805,-2.0220983
4806,-1.9453998
4807,-1.8080621
4808,-1.5411724
4809,-0.8754076
4810,-0.30772802
4811,0.3616483
4812,-1.281834
4813,-1.9211831
4814,-1.9237881
4815,-2.4235468
4816,-2.2030725
4817,-0.8849097
4938,-2.1590855
4939,-1.970923
4940,-1.7862039
4941,-0.71755725
4942,-0.12811983
4943,0.36267328
4944,0.9360756
4945,0.6097961
4946,-0.8274237
4947,-1.2370834
4948,-1.5332476
4949,-1.750288
4950,-1.1621178
4951,-0.7202211
5073,-1.0041689
5074,-0.8887717
5075,0.06411123
5076,0.024820965
5077,0.5415739
5078,0.47413298
5079,0.7297624
5080,-0.1050732
5081,-0.9420652
5082,-1.1444097
5083,-1.5460228
5084,-0.69838583
5085,0.56479514
5208,0.021398813
5209,1.039541
5210,0.85893285
5211,0.09935424
5212,0.71866316
5213,0.24769215
5214,0.35616684
5215,-0.3814311
5216,-0.2139356
5217,-0.121845305
5346,-0.64187205
5347,-0.39585418
5348,0.46436182
5349,1.1396843
5350,1.1598165
5351,1.6016641
5352,0.9648094
5353,-0.24227294
5354,-1.5414847
5488,-1.216904
5489,-0.021889165
5490,-0.69758886
5491,-0.32331204
5492,0.27991322
5493,-0.2745374
5494,-1.231923
5495,-2.0244672
5635,-0.87817323
5636,-1.5132319
5637,-1.9673269
5638,-1.5685126
5639,-1.3163409
5781,-1.1637652
5782,-1.399937
5783,-1.0046164
5784,0.56110954
5785,-0.3298615
5786,-1.3273498
5926,-1.1118064
5927,0.26476222
5928,0.806909
5929,1.0880266
5930,0.112658486
5931,-0.23310697
6068,-2.2026525
6069,-1.5878185
6070,0.41509536
6071,1.1372402
6072,0.9466631
6073,0.2709931
6074,0.7849521
6210,-2.3467245
6211,-2.1027021
6212,-1.9644086
6213,-0.5816175
6214,1.0129422
6215,0.32640877
6216,0.36050203
6217,0.96419215
6220,-1.2732968
6357,-2.1824872
6358,-1.7590402
6359,-1.3615892
6360,-0.13962732
6361,0.15075386
6362,0.115900695
6363,0.58791035
6364,0.08711624
6365,-0.69569707
6366,-1.263507
6505,-1.2681457
6506,-1.739235
6507,-1.3691984
6508,-1.4214865
6509,-0.94441736
6510,0.083849
6511,0.103386804
6512,-0.6310359
6513,-0.98326135
6612,-2.023275
6613,-2.4348629
6614,-2.329123
6615,-2.109542
6616,-1.9408417
6651,-0.8685702
6652,-1.5173118
6653,-2.370879
6654,-2.444634
6655,-2.2294557
6656,-1.7604977
6657,0.55521697
6658,1.0352725
6659,-0.03469048
6660,-1.1146208
6759,-1.3738829
6760,-1.8218415
6761,-2.2042649
6762,-2.5128365
6763,-2.2475863
6764,-2.1312976
6765,-2.2773004
6794,-1.8731824
6795,-0.132312
6796,0.92901516
6797,-0.08732508
6798,-2.3977602
6799,-2.4521713
6800,-2.4437318
6801,-2.2586122
6802,-0.93392086
6803,0.7278366
6804,0.85685015
6805,0.83691704
6806,-0.60093766
6907,-1.4133646
6908,-1.8592054
6909,-2.1016302
6910,-2.5809636
6911,-2.3974073
6912,-2.3983605
6913,-2.1382048
6914,-2.05671
6941,0.16243173
6942,-0.4578239
6943,0.30674228
6944,0.83664083
6945,-0.14707261
6946,-1.7463924
6947,-2.259424
6948,-2.429998
6949,-1.1787658
6950,-0.15708609
6951,0.8084788
6952,0.9805149
6953,0.8764912
6954,-0.1633463
7055,-1.6120715
7056,-1.4936014
7057,-2.1796577
7058,-2.288951
7059,-2.218491
7060,-1.8539195
7061,-1.99792
7062,-1.8202006
7063,-2.128967
7088,0.17594053
7089,1.0326246
7090,0.48259202
7091,0.845118
7092,0.81040776
7093,0.19581236
7094,-0.785947
7095,-2.1676874
7096,-2.3890853
7097,-0.4303211
7098,1.0603616
7099,0.5904753
7100,0.98511815
7101,0.8196686
7102,0.3269668
7196,-1.2880709
7199,-2.088293
7204,-1.3907051
7205,-2.0677662
7206,-2.0670786
7207,-1.6775535
7208,-0.8004441
7209,-1.0233846
7210,-1.4724054
7235,0.39128754
7236,-0.6004127
7237,0.8147787
7238,0.7615068
7239,0.9206465
7240,1.2320135
7241,0.8562888
7242,-1.2635776
7243,-2.399037
7244,-2.065155
7245,-0.29835966
7246,1.1574401
7247,0.69353294
7248,0.81072843
7249,1.0190092
7250,0.61458194
7345,-1.7777845
7346,-2.1301484
7347,-2.1350172
7352,-1.5647695
7353,-1.66517
7354,-1.9190136
7355,-1.704178
7356,-0.4660091
7357,-0.7294959
7358,-0.66621846
7359,-1.1299895
7382,0.76082605
7383,-1.0718598
7384,-0.5037679
7385,0.56556016
7386,-0.0020389054
7387,0.6734674
7388,0.8988115
7389,0.37631223
7390,-0.89370596
7391,-2.3347383
7392,-1.6815963
7393,-0.016962964
7394,0.8613102
7395,1.2271267
7396,0.9645091
7397,1.1914986
7398,0.4240125
7494,-1.9436117
7495,-1.9582741
7500,-1.8106393
7501,-1.5040101
7502,-1.2947134
7503,-1.6060933
7504,-1.3417599
7505,-0.78844047
7506,-0.7218205
7507,-0.9059304
7530,0.9106139
7531,0.021655906
7532,0.21084864
7533,-0.813298
7534,-1.6343994
7535,-0.46359974
7536,0.81599617
7537,0.3907162
7538,-1.3429126
7539,-2.407545
7540,-2.3723783
7541,-0.47157103
7542,0.6870416
7543,0.43503615
7544,0.72738045
7545,1.2931105
7546,0.78507054
7639,-2.0125651
7673,0.42844036
7674,0.7202971
7675,0.81492925
7676,0.18486738
7677,-1.0273046
7678,-2.4324718
7679,-2.007918
7680,-0.6511287
7681,-0.7216611
7682,-2.360356
7683,-2.3308177
7684,-2.3532472
7685,-0.7983455
7686,0.6764524
7687,0.5383781
7688,0.5931542
7689,0.88073343
7690,0.41335544
7816,-0.461907
7817,0.12198518
7818,-0.3803883
7819,-0.021285128
7820,0.44346413
7821,-0.4394446
7822,-1.5334853
7823,-2.3193955
7824,-1.7886237
7825,-1.8435088
7826,-2.4031515
7827,-2.4112701
7828,-2.4198658
7829,-1.3584706
7830,-0.24706917
7831,0.7676159
7832,1.3503379
7833,1.0302367
7834,0.5063799
7951,-1.6767461
7952,-2.2238393
7963,0.5522711
7964,0.42178366
7965,-1.3552493
7966,-1.541922
7967,0.40439492
7968,0.6126281
7969,0.062324245
7970,-1.8835446
7971,-1.4915097
7972,-2.3797305
7973,-2.4529746
7974,-2.415811
7975,-2.4137962
7976,-2.0492387
7977,-0.77745396
7978,1.0706594
7979,0.83384997
7980,0.6606871
7981,0.5335282
8096,-1.2030935
8097,-2.0196023
8098,-1.3718425
8099,-1.7306114
8100,-1.3971192
8101,-1.7604561
8109,0.018447932
8110,0.5620191
8111,-0.118477374
8112,-1.0106287
8113,-1.995464
8114,-0.26879346
8115,1.2462274
8116,0.6245311
8117,-0.28316167
8118,-0.5176826
8119,-1.8235738
8120,-2.1876566
8121,-2.2447047
8122,-2.4425669
8123,-2.15378
8124,-0.58347327
8125,-0.052003603
8126,0.8697756
8127,1.1720824
8128,0.79654235
8240,0.23302718
8241,0.040545713
8242,0.057870183
8243,0.104788154
8244,-0.35932687
8245,-1.1796167
8246,-1.0425544
8247,-1.1644119
8248,-0.9839405
8249,-0.8839029
8254,-0.44355184
8255,-1.2485763
8256,-0.9442515
8257,-1.1630415
8258,-1.7743214
8259,-1.9253081
8260,-0.30448347
8261,1.0044662
8262,0.75322545
8263,1.0092638
8264,0.92028433
8265,-0.4062936
8266,-2.170105
8267,-2.1914954
8268,-2.1722133
8269,-1.8552088
8270,-0.299062
8271,0.41188475
8272,0.5731672
8273,1.240693
8274,0.6567162
8385,0.2761574
8386,0.8230332
8387,1.0020409
8388,0.22451423
8389,0.5147343
8390,-0.7627973
8391,-1.5133458
8392,-0.82816577
8393,-0.7491692
8394,0.6653013
8395,0.09266347
8401,-1.010602
8402,-1.141557
8403,-0.31236267
8404,0.20959866
8405,-0.41039377
8406,-0.35411987
8407,0.047755305
8408,0.4251944
8409,0.9176464
8410,1.48644
8411,1.5993984
8412,-0.16630805
8413,-0.7272581
8414,-1.5569663
8415,-1.889507
8416,-1.5675142
8417,-0.32322064
8418,0.6846512
8419,0.97120047
8420,1.1435539
8421,-0.24928495
8520,-1.9253739
8521,-2.2405567
8522,-1.6824727
8523,-1.726061
8524,-2.0369072
8525,-2.369972
8531,-0.8217753
8532,0.3533856
8533,-0.07690334
8534,-1.346768
8535,-0.5831777
8536,-0.49102044
8537,-0.46636757
8538,-0.20791276
8539,0.41781285
8540,0.38856265
8541,0.5262811
8544,-2.2613518
8545,-0.4333475
8546,-0.053048737
8547,0.19559538
8548,0.70054305
8549,0.38598916
8550,0.4055736
8551,0.7606772
8552,0.8991346
8553,1.2483009
8554,0.323685
8555,-0.26023686
8556,0.4576978
8557,-0.2670209
8558,-0.63675493
8559,-0.6691454
8560,-0.56080633
8561,0.30674207
8562,0.95566225
8563,1.3582056
8564,0.3128692
8663,-2.136702
8664,-1.9363978
8665,-1.9816053
8666,-1.394392
8667,-1.4477588
8668,-1.744311
8669,-2.3379512
8670,-2.2047453
8671,-2.272267
8676,-1.1506358
8677,-1.1611627
8678,-2.2358062
8679,-1.6352319
8680,-0.7472021
8681,-0.6001977
8682,0.71037143
8683,0.51457214
8684,1.0630981
8685,0.6784367
8689,-1.653314
8690,-2.2384853
8691,-0.24382155
8692,-0.26075792
8693,0.17517008
8694,-0.10508484
8695,-0.18720025
8696,-0.014026653
8697,0.57488763
8698,0.5933589
8699,1.2726265
8700,0.20273773
8701,-0.23099765
8702,0.54121584
8703,0.29538947
8704,0.86701256
8705,-0.0028423183
8706,0.22814627
8707,1.0180151
8708,0.8788378
8709,1.0432454
8710,0.63424206
8808,-1.5532892
8809,-1.6373221
8810,-1.59719
8811,-1.7583563
8812,-1.612353
8813,-1.7701714
8814,-0.89716184
8815,-1.5067139
8816,-1.5957972
8817,-1.6172937
8818,-2.0122828
8819,-2.4046469
8824,-1.4913353
8825,-1.4936498
8826,-1.8123546
8827,-0.87991846
8828,-0.79837984
8829,-0.32599348
8830,-0.09602876
8831,0.8339533
8832,0.38721803
8836,-1.4891803
8837,-2.1167917
8838,-2.0555634
8839,0.052401613
8840,0.5001436
8841,0.626204
8842,0.4231306
8843,-0.37662286
8844,-1.1036708
8845,0.0019066483
8846,0.93050796
8847,0.9803045
8848,0.735394
8849,-0.2482981
8850,0.8703327
8851,0.8861673
8852,1.0996419
8853,0.9515292
8854,0.7342402
8855,0.7509198
8856,0.9836762
8857,0.9476476
8858,0.7924453
8953,-1.2285469
8954,-1.1583859
8955,-0.40521345
8956,-1.3402878
8957,-1.3649417
8958,-1.2539748
8959,-1.8324975
8960,-1.2253562
8961,-1.2850257
8962,-1.4582984
8963,-1.6965677
8964,-1.72635
8965,-2.4482746
8970,-2.029776
8971,-2.2298167
8972,-1.6754525
8974,-1.2665215
8975,-1.1917472
8976,-1.0268614
8977,-0.45868072
8978,-0.38071236
8981,-0.49535352
8982,-2.0495636
8983,-1.9989556
8984,-1.2097344
8985,0.6843002
8986,0.6151396
8987,0.6595022
8988,0.66823673
8989,-1.1961378
8990,-0.5186122
8991,0.85594225
8992,0.75524646
8993,0.6048669
8994,0.15270804
8995,-0.1357689
8996,0.6192121
8997,0.5711115
8998,0.8299993
8999,1.5953019
9000,1.1547397
9001,1.2649446
9002,0.81753325
9003,0.88011765
9004,0.7001589
9100,-1.5504526
9101,-1.3545039
9102,-1.3354431
9103,-1.0771855
9104,-1.7320979
9105,-1.2906656
9106,-1.0333223
9107,-1.4179054
9108,-1.2422663
9109,-1.0103468
9110,-0.19357257
9111,-0.3610542
9112,-1.4836291
9113,-1.8404427
9114,-1.7537456
9120,-2.1477883
9127,-1.0659441
9128,-0.6301405
9129,-0.8016033
9130,-0.77660424
9131,-1.2791574
9132,-0.07827501
9133,0.7177659
9134,0.81689155
9135,0.7598348
9136,0.17086641
9137,-1.1513654
9138,0.45735312
9139,1.2025778
9140,0.65705085
9141,-0.24401124
9142,-0.2515649
9143,1.0326449
9144,1.0694733
9145,0.75164247
9146,1.1231476
9147,1.0789974
9148,0.8300498
9149,0.32676825
9150,-0.4464976
9151,0.6847511
9152,0.87720007
9248,-1.9397639
9249,-2.1183543
9250,-1.4985262
9251,-1.3012137
9252,-1.2282795
9253,-1.2250866
9254,-1.0937823
9255,-0.85290784
9256,-0.81915087
9257,0.25103244
9258,0.71059006
9259,-0.68821776
9260,-1.6905055
9261,-1.2926474
9262,-1.2552285
9274,-2.0512295
9275,-1.1374028
9276,-0.58889407
9277,-0.5212317
9278,-0.30755398
9279,0.65388703
9280,0.047676776
9281,0.539356
9282,1.2065766
9283,-0.51191
9284,0.502058
9285,0.78475183
9286,0.81149673
9287,1.2805502
9288,0.41374597
9289,-0.466331
9290,0.18566403
9291,0.97136664
9292,1.2241762
9293,1.0401988
9294,1.0547829
9295,0.94593805
9296,0.94837
9297,0.13544436
9298,-0.94157755
9299,0.05392528
9300,0.7411027
9396,-2.3400636
9397,-2.1666605
9398,-2.1843169
9399,-1.5460197
9400,-1.2055775
9401,-0.84600663
9402,0.34075096
9403,0.4060037
9404,0.03531879
9405,0.40889215
9406,0.32186198
9407,-1.0301912
9408,-1.1591231
9409,-1.3984773
9410,-1.2606918
9411,-1.7945232
9422,-1.8933578
9423,-1.6426473
9424,-0.43575904
9425,-0.43841842
9426,0.56315935
9427,0.26554415
9428,0.15632787
9429,0.4706377
9430,-0.015268596
9431,-0.38775972
9432,0.8544224
9433,1.2187599
9434,0.75949997
9435,0.4857408
9436,0.5964549
9437,0.888334
9438,0.92378736
9439,0.81336474
9440,1.0770326
9441,1.0623661
9442,1.3477007
9443,0.5981034
9444,0.15720636
9445,0.58551437
9446,-0.036098685
9447,-0.25933143
9448,0.037516613
9543,-1.8720006
9544,-1.9549478
9545,-2.0446696
9546,-1.9131548
9547,-1.8210497
9548,-0.7410156
9549,0.7206449
9550,0.64139813
9551,-0.31534597
9552,0.03762525
9553,0.5563877
9554,-0.039809383
9555,-0.4081114
9556,-1.790263
9557,-1.6458106
9558,-1.3944018
9561,-2.0583866
9569,-1.6228368
9570,-1.3062581
9571,-0.3944809
9572,-0.74720013
9573,-0.12570566
9574,0.92408544
9575,0.25499377
9576,0.004342649
9577,-1.0101814
9578,-0.014685901
9579,0.80090344
9580,-0.24288951
9581,-0.25044945
9582,0.39716226
9583,1.1471989
9584,0.46743855
9585,0.6217291
9586,0.67435724
9587,0.99851453
9588,1.0589294
9589,1.1076214
9590,1.2238197
9591,0.7157288
9592,0.78152096
9593,0.7750077
9594,-0.49918324
9595,-0.70809704
9687,-1.2180436
9688,-2.2062387
9689,-1.7703472
9690,-2.144926
9691,-2.2313857
9692,-1.676762
9693,0.22915204
9694,0.34928793
9695,-1.3507211
9696,-0.26165104
9697,0.66980344
9698,0.83675003
9699,0.41335252
9700,-0.8119132
9701,-1.8237232
9702,-1.7095474
9703,-1.9438272
9704,-2.1530735
9712,-1.0045792
9713,-0.9489912
9714,-0.77200735
9715,-0.8039517
9716,-0.03599867
9717,0.26904076
9718,-0.7025347
9719,-0.55157715
9720,0.118695706
9721,0.15790127
9722,-1.4025443
9723,-0.93774265
9724,0.84608924
9725,1.0863442
9726,0.8104265
9727,1.2879529
9728,0.98290956
9729,0.9082857
9730,1.0573353
9731,1.0237938
9732,1.168918
9733,0.5369396
9734,0.4548732
9735,0.5345359
9736,-0.21804395
9737,-0.3342728
9830,-0.5428671
9831,-1.9585869
9832,-2.197149
9833,-1.9575593
9834,-2.3256583
9835,-1.7057437
9836,-0.8033421
9837,-0.8570967
9838,-1.5362843
9839,-1.8636401
9840,-0.7176644
9841,0.79114306
9842,0.5572343
9843,-0.33885804
9844,-1.7184321
9846,-1.5073179
9847,-1.4906158
9848,-1.808407
9857,-1.0235175
9858,-1.2373924
9859,-1.1830019
9860,-0.79328823
9861,-0.8527786
9862,-0.464338
9863,0.55660254
9864,-0.5465425
9865,-0.07898459
9866,0.3580631
9867,-1.0042411
9868,-1.1237526
9869,0.32936725
9870,0.43614694
9871,1.1423936
9872,0.9673587
9873,0.8427058
9874,1.0759249
9875,0.89448524
9876,0.6822578
9877,0.6920268
9878,1.086507
9879,1.0241374
9880,0.54543614
9881,-0.5018675
9882,-0.060794935
9975,-1.692522
9976,-2.3453252
9977,-1.9560349
9978,-2.215565
9979,-2.1499
9980,-1.8507879
9981,-1.3184584
9982,-1.4579366
9983,-1.81219
9984,-2.1058805
9985,-1.7629026
9986,-0.5381767
9987,-0.01497497
9988,-1.3370868
9989,-1.7763954
9993,-1.6963997
9994,-1.7787648
9995,-1.797298
9996,-1.7521541
10001,-1.4522063
10002,-1.1061829
10003,-1.5187745
10004,-1.5070628
10005,-0.7140335
10006,-0.41751322
10007,-0.8558393
10008,0.0519217
10009,-0.7760499
10010,0.21287799
10011,0.7253278
10012,0.58749473
10013,-0.79060423
10014,-1.0650821
10015,0.005844962
10016,0.64802074
10017,0.7170597
10018,1.2554992
10019,0.77918124
10020,0.92187166
10021,0.28068104
10022,1.2935694
10023,1.0482962
10024,0.36098045
10025,0.67314804
10026,0.5083886
10027,0.2788302
10123,-2.3168156
10124,-2.3139868
10125,-2.1696215
10126,-2.3265188
10127,-2.3574607
10128,-2.3988562
10129,-2.4514344
10130,-2.1917238
10131,-2.0199018
10132,-2.292471
10133,-1.7138311
10134,-1.4468414
10135,-1.8391461
10136,-1.1817065
10140,-1.6226401
10141,-1.0650342
10142,-1.7996432
10143,-1.7608883
10144,-2.0300899
10148,-1.7237287
10149,-1.0452641
10150,-0.59009135
10151,-1.4681667
10152,-1.0861821
10153,0.18296501
10154,-0.28714806
10155,-0.99876016
10156,-0.7197179
10157,0.025690936
10158,0.53246933
10159,0.63300306
10160,0.95642674
10161,-0.40716037
10162,-0.4433552
10163,0.36347976
10164,0.39077684
10165,0.4770752
10166,0.9626913
10167,0.86837095
10168,0.6725187
10169,0.8378743
10170,0.07563329
10171,-0.09759882
10172,-0.03207653
10173,-0.10054262
10174,0.30031142
10271,-2.286205
10272,-2.1118875
10273,-2.093815
10274,-2.3994114
10275,-2.286042
10276,-2.3053465
10277,-2.4711359
10278,-2.3735783
10279,-2.3399038
10280,-2.4219086
10281,-2.111008
10282,-2.2657046
10283,-2.1266232
10290,-1.4943048
10291,-1.610394
10294,-0.3349126
10295,-0.40299216
10296,-1.5206143
10297,-0.6523435
10298,-0.91773176
10299,-1.1823084
10300,-1.2015582
10301,-1.2325664
10302,0.16425072
10303,0.5300501
10304,-0.23089081
10305,-0.01732304
10306,0.4465738
10307,0.750733
10308,0.9659578
10309,0.16108826
10310,-0.39924195
10311,-0.5791279
10312,-1.1098611
10313,-0.5716882
10314,-0.35688522
10315,-0.12886772
10316,0.77777886
10317,0.6242916
10318,-0.31339446
10319,-0.5711628
10320,-0.74376625
10321,-0.66187716
10322,0.7164161
10420,-1.9727972
10421,-2.3724945
10422,-2.3623986
10423,-2.4239812
10424,-2.4195087
10425,-2.4464598
10426,-2.246369
10427,-2.1168516
10428,-2.2265937
10429,-2.2887836
10430,-2.3132112
10439,-0.89863116
10442,0.034717437
10443,-0.6863184
10444,-1.4889368
10445,-0.8222793
10446,-0.75405884
10447,-0.57115114
10448,-0.5459059
10449,-0.39933285
10450,0.84245276
10451,1.2898152
10452,0.59834653
10453,0.5784133
10454,-0.2931642
10455,0.64498806
10456,0.9472968
10457,0.11815214
10458,-0.47582763
10459,-0.97128344
10460,-1.9036233
10461,-1.7226241
10462,-1.5197873
10463,-0.42126468
10464,1.3929393
10465,1.2036908
10466,-0.23969027
10467,-0.20505573
10468,-0.63941747
10469,-0.5234849
10470,0.40046695
10538,-2.002117
10540,-2.185906
10541,-2.0644321
10566,-2.4248755
10567,-2.4530041
10568,-2.4402814
10569,-2.4780643
10570,-2.3472369
10571,-1.9959543
10572,-2.0685055
10573,-2.0855978
10574,-2.2449539
10584,-0.8991881
10586,0.013621893
10587,0.08812207
10588,0.49120972
10589,-1.0046124
10590,-0.8854962
10591,-1.1118065
10592,-0.33496112
10593,-0.48594576
10594,-0.55131423
10595,0.06447989
10596,0.13526128
10597,0.6002343
10598,0.8893172
10599,-0.28917265
10600,0.18590085
10601,0.8818848
10602,0.028997619
10603,-1.2452173
10604,-1.6944207
10605,-1.8975168
10606,-2.2110686
10607,-1.4880223
10608,-0.6900904
10609,0.40483624
10610,0.660775
10611,0.6439811
10612,0.4782146
10613,0.5925775
10614,0.606512
10615,0.919209
10681,-2.3156857
10682,-2.595996
10683,-2.654682
10685,-2.4636903
10686,-2.7683365
10687,-2.4935527
10712,-2.4609008
10713,-2.3251514
10714,-1.6723571
10715,-2.003155
10729,0.4561728
10730,0.6069455
10731,0.4515973
10732,0.07773693
10733,-0.9507128
10734,-1.0512015
10735,-0.12422125
10736,0.2837038
10737,-0.12132786
10738,-0.21402498
10739,-1.3505541
10740,-0.4070246
10741,0.23148651
10742,-0.89173096
10743,0.35435858
10744,0.8169537
10745,0.139759
10746,0.04994986
10747,-1.0641451
10748,-2.1393597
10749,-2.1544764
10750,-1.627986
10751,-0.52482486
10752,-0.0566438
10753,-0.32888186
10754,-0.11510301
10755,0.42787957
10756,0.99851525
10757,1.6555911
10758,1.3100687
10827,-2.5298414
10828,-2.77066
10829,-2.7643085
10830,-2.675265
10831,-2.4066844
10832,-2.545207
10835,-2.248851
10836,-2.5582683
10837,-2.310433
10838,-2.025977
10839,-1.993934
10874,-0.26081502
10875,0.43793657
10876,0.6089278
10877,0.59146684
10878,0.2620385
10879,-0.14751516
10880,0.3380475
10881,-0.77537113
10882,0.8990685
10883,0.96586114
10884,-0.34941137
10885,-0.22004865
10886,-0.45320606
10887,-1.0827824
10888,-0.75426257
10889,-0.43241888
10890,0.60329807
10891,0.68712217
10892,-0.3584314
10893,-1.9294142
10894,-2.108312
10895,-1.1654233
10896,0.32629406
10897,1.5632052
10898,0.13959719
10899,-0.71366054
10900,0.32825065
10901,0.6926841
10902,1.1349387
10903,1.1208832
10971,-2.284501
10972,-2.0250177
10974,-2.6468148
10975,-2.7953074
10976,-2.7334483
10977,-2.7044866
10978,-2.3483524
10979,-2.2925751
10980,-2.3365355
10981,-2.4904919
10982,-2.7533734
10983,-2.7338936
10984,-2.6451983
10985,-2.6367455
10986,-2.4983788
10987,-2.27644
11019,-0.36268348
11020,-0.24359557
11021,-0.3528129
11022,0.4533834
11023,0.5579826
11024,1.1183716
11025,1.0265502
11026,0.73446894
11027,0.6939091
11028,0.880087
11029,0.85665417
11030,-0.16382596
11031,-0.42263618
11032,-1.0963745
11033,-0.9842617
11034,-0.87070113
11035,-0.71561515
11036,-0.17835744
11037,-0.120030135
11038,-0.30353627
11039,-1.7146752
11040,-1.5275413
11041,0.2132007
11042,1.1983114
11043,1.1888077
11044,1.2818756
11045,-0.094272316
11046,-0.42715222
11047,0.75374043
11048,0.5742832
11049,1.2710116
11116,-2.6343558
11117,-2.6902478
11118,-2.4257305
11119,-2.4926896
11120,-2.5489078
11121,-2.6729758
11122,-2.856772
11123,-2.7912369
11124,-2.6967754
11128,-2.5052798
11129,-2.599272
11130,-2.5110433
11131,-2.1880717
11133,-1.9305993
11134,-2.3775218
11165,-0.7812786
11166,-0.91023177
11167,-0.28733125
11168,0.49763867
11169,0.5932865
11170,0.6332631
11171,-0.026692143
11172,0.40567604
11173,0.27590308
11174,1.07294
11175,0.61054635
11176,0.25987563
11177,-0.5331895
11178,-0.87179595
11179,-1.3681945
11180,-0.85883296
11181,-0.86029434
11182,-1.331744
11183,-0.5621141
11184,-0.20217803
11185,-0.7255315
11186,-1.148772
11187,-0.5251808
11188,0.905297
11189,1.0120887
11190,1.0039622
11191,0.82375485
11192,-0.566622
11193,-0.24909204
11194,0.7614826
11195,1.0588684
11261,-2.4287212
11262,-2.7701154
11265,-2.7660277
11266,-2.733651
11267,-2.7578197
11268,-2.6959271
11269,-2.5505295
11270,-2.385406
11277,-2.2515335
11310,-0.6631371
11311,-1.938862
11312,-1.3739951
11313,0.596503
11314,1.1383911
11315,0.59206146
11316,0.9056621
11317,0.48546132
11318,0.673379
11319,0.5349178
11320,-0.102874234
11321,0.45729604
11322,-0.10848357
11323,0.19681652
11324,0.027918577
11325,-0.40680906
11326,-0.38768616
11327,-1.2174906
11328,-0.472415
11329,-0.74188226
11330,0.32575545
11331,-0.6570804
11332,-0.57415426
11333,0.23937128
11334,0.8759597
11335,0.88854164
11336,1.339773
11337,-0.0009187907
11338,-0.34533828
11339,0.95153713
11340,0.5151551
11397,-2.4957886
11398,-2.5457022
11399,-2.5591266
11403,-2.685539
11404,-2.8016934
11405,-2.601438
11406,-2.3182
11408,-2.573897
11409,-2.737308
11410,-2.7817338
11411,-2.8059475
11412,-2.4128716
11420,-2.5451643
11421,-2.8157065
11422,-2.5918531
11423,-1.7304091
11456,-1.7580167
11457,-1.5875169
11458,-0.56054455
11459,0.6091935
11460,0.88005847
11461,0.63977903
11462,1.0280031
11463,0.5323651
11464,0.045475375
11465,-0.6555993
11466,-0.5946165
11467,0.75395817
11468,0.715646
11469,1.0048276
11470,0.674991
11471,0.71871066
11472,0.3270096
11473,0.19565925
11474,0.60336375
11475,0.097347215
11476,0.7179985
11477,-0.0053704437
11478,-0.5583132
11479,0.34265754
11480,0.24988715
11481,0.85255677
11482,0.74759173
11483,0.66718143
11484,-0.43002585
11485,0.3861845
11486,0.8024805
11540,-2.3427653
11541,-2.6494143
11542,-2.661296
11543,-2.6586666
11545,-2.482093
11546,-2.7911952
11547,-2.895081
11548,-2.7970498
11549,-2.5075846
11550,-2.2532933
11551,-2.6927264
11552,-2.6257262
11553,-2.533738
11554,-2.603462
11555,-2.3102157
11563,-2.3879972
11564,-2.82086
11565,-2.6440914
11599,-2.0240607
11600,-2.32848
11601,-1.9147288
11602,0.039339263
11603,0.98584425
11604,0.8827435
11605,0.90529585
11606,0.87325114
11607,-0.3851234
11608,-1.6081755
11609,-2.128458
11610,-1.7047374
11611,-0.68621856
11612,0.2084848
11613,0.72828
11614,1.0051944
11615,1.7960396
11616,0.8005717
11617,0.55653596
11618,2.135327
11619,1.8750203
11620,0.98389924
11621,0.728977
11622,0.90047
11623,0.34858635
11624,0.70972145
11625,1.3017377
11626,1.3217129
11627,1.0802804
11628,-0.012911268
11629,0.022533555
11630,0.4700978
11684,-2.2806888
11685,-2.4424007
11686,-2.3764703
11687,-2.6771476
11690,-2.738866
11691,-2.844221
11692,-2.903793
11693,-2.743262
11694,-2.5389197
11695,-2.6042533
11696,-2.5781724
11697,-2.4343634
11698,-2.3098247
11743,-1.9283692
11744,-2.3538218
11745,-1.8211609
11746,-0.110146165
11747,0.768977
11748,0.50928473
11749,0.7275008
11750,-0.08642537
11751,-1.223578
11752,-2.267645
11753,-2.0815
11754,-1.4238244
11755,-0.71825165
11756,0.44390324
11757,-0.03018818
11758,-0.11092597
11759,-0.12038307
11760,0.26133934
11761,0.058401767
11762,0.6326741
11763,0.38308898
11764,1.1801509
11765,1.5413514
11766,0.66517836
11767,0.6573745
11768,1.3633852
11769,1.334387
11770,0.8147242
11771,-0.049962103
11772,0.72556686
11830,-2.5975175
11831,-2.4536252
11833,-2.5307968
11834,-2.5617769
11836,-2.5881042
11837,-2.5369313
11886,-1.1413553
11887,-2.1131885
11888,-1.9933146
11889,-0.82965267
11890,0.6394689
11891,0.6209057
11892,0.24065526
11893,-0.8415273
11894,-1.4941365
11895,-1.9843419
11896,-1.92892
11897,-1.5001417
11898,-1.7842035
11899,-0.67638713
11900,0.13275781
11901,0.67199636
11902,-0.7107583
11903,-1.0047154
11904,0.39984474
11905,0.83126014
11906,-0.37215614
11907,0.16789837
11908,0.684789
11909,0.5450552
11910,0.6867461
11911,1.4182035
11912,1.0620611
11913,1.3464369
11914,1.0546751
11915,-0.40743813
11976,-2.1077428
11978,-2.6760964
11982,-2.357112
12031,-0.7546884
12032,-1.7029476
12033,-1.6702284
12034,-1.7125382
12035,0.33533162
12036,0.38159674
12037,-0.43323746
12038,-0.99897236
12039,-1.6346674
12040,-1.8915907
12041,-1.8336884
12042,-2.3379376
12043,-1.6300642
12044,-1.4567745
12045,-1.261425
12046,-1.1223295
12047,-0.05790973
12048,0.4031189
12049,0.052376036
12050,0.05747297
12051,0.34443507
12052,0.7137431
12053,0.25856486
12054,-0.17578125
12055,1.0261472
12056,0.29045823
12057,0.78679734
12058,1.2254263
12059,1.0374373
12060,1.7570782
12061,0.7639851
12062,0.25258696
12126,-2.4167256
12127,-2.3293679
12129,-2.1103303
12178,-0.06067025
12179,-1.1532362
12180,-2.0767598
12181,-1.8585796
12182,0.37757906
12183,0.8568153
12184,0.22583817
12185,-1.3052564
12186,-1.855975
12187,-1.3004177
12188,-1.2721268
12189,-1.7330378
12190,-1.38342
12191,-0.95025617
12192,-0.24570452
12193,-0.34498894
12194,-0.8207096
12195,-0.71448755
12196,-0.67459494
12197,-0.02440492
12198,0.28459176
12199,0.8936758
12200,1.1611952
12201,1.216716
12202,1.3434684
12203,0.532452
12204,0.9032364
12205,1.2469056
12206,1.0385438
12207,1.0689844
12208,1.1006178
12209,1.2669282
12325,0.23800074
12326,-0.523254
12327,-1.8029766
12328,-2.253016
12329,-0.08935327
12330,0.62602055
12331,-0.36557776
12332,-1.0442277
12333,-1.7366884
12334,-2.0205684
12335,-1.6049967
12336,-1.7708555
12337,-0.6994307
12338,-0.34154215
12339,0.4535062
12340,-0.08168922
12341,-1.1353819
12342,-0.745526
12343,-0.4719592
12344,-0.06796468
12345,0.018725675
12346,1.2470422
12347,0.07664199
12348,1.1236494
12349,0.9160878
12350,0.91093564
12351,0.8681576
12352,0.52088
12353,1.1237078
12354,1.4703825
12355,1.133771
12356,1.0944079
12464,-1.884527
12470,-0.43293962
12471,-0.6207015
12472,-1.4697855
12473,-1.8853399
12474,-0.28507426
12475,0.63755924
12476,-0.09504357
12477,-1.175269
12478,-1.7694049
12479,-2.3420815
12480,-2.149833
12481,-2.0857463
12482,-0.085471064
12483,0.5232344
12484,0.43983674
12485,0.2245173
12486,-0.5042479
12487,0.23559962
12488,0.047304217
12489,-0.016029093
12490,-0.24610172
12491,-0.049267236
12492,-0.45225188
12493,0.10803513
12494,1.0633495
12495,1.0236491
12496,1.2819477
12497,0.8642179
12498,1.1679482
12499,1.2350942
12500,0.6968657
12501,1.0169605
12608,-1.9175849
12609,-1.8335091
12610,-2.3915253
12613,-1.0363517
12614,-1.8719097
12615,-2.038519
12616,-1.5422697
12617,-1.0794134
12618,-0.36032578
12619,-0.6637547
12620,-1.3000934
12621,-1.6398183
12622,-1.9633276
12623,-2.272645
12624,-0.76612073
12625,0.6863766
12626,0.87465703
12627,1.105079
12628,0.082107544
12629,-0.0029051565
12630,0.26349527
12631,0.09826857
12632,0.121712655
12633,0.6461226
12634,0.09856045
12635,0.77482337
12636,-1.0402422
12637,0.13369341
12638,0.44826475
12639,0.5931689
12640,1.3514853
12641,1.5694206
12642,0.8461912
12643,0.84735894
12644,1.5781311
12754,-2.171112
12755,-2.3949914
12756,-2.2680259
12757,-2.0003998
12760,-1.9857587
12761,-2.467352
12762,-2.3828654
12763,-2.24378
12764,-1.9233645
12765,-2.033075
12766,-1.6288449
12767,-1.7431847
12768,-1.6876197
12769,-1.2858595
12770,-0.82762194
12771,0.23690121
12772,0.6697705
12773,0.9554725
12774,0.7817385
12775,0.47343406
12776,0.19486235
12777,-0.07544455
12778,0.31213108
12779,0.52985215
12780,0.63121605
12781,1.2169287
12782,0.9863192
12783,0.4753709
12784,-0.95890844
12785,-0.17501102
12786,0.87828636
12787,1.2959896
12788,1.300995
12789,1.2029124
12790,1.1691481
12791,1.2569674
12901,-2.5205584
12902,-1.9503229
12903,-1.7150035
12904,-1.537518
12906,-2.0327792
12907,-2.4830806
12908,-2.2327132
12909,-1.9300079
12910,-2.226494
12911,-2.280439
12912,-1.7047672
12913,-1.7776306
12914,-1.7671678
12915,-0.53871745
12916,1.1653869
12917,1.2887526
12918,1.1203741
12919,1.1164037
12920,0.4443574
12921,0.04762915
12922,-0.58807844
12923,0.20120142
12924,0.4315716
12925,1.7298216
12926,0.67202795
12927,0.6997445
12928,0.16066374
12929,0.44128832
12930,0.12440938
12931,0.74256927
12932,0.9686276
12933,0.7828444
12934,1.1500279
12935,1.1780205
12936,0.91646147
12937,0.23724668
13045,-1.7793179
13046,-2.2522824
13047,-2.3592532
13048,-2.4538255
13049,-1.4558456
13050,-0.29376835
13052,-1.5316615
13053,-1.5757617
13054,-1.3412911
13055,-1.8297898
13056,-1.9337357
13057,-2.0917678
13058,-1.6325686
13059,-2.1484213
13060,-2.1497707
13061,-0.83299136
13062,0.79250175
13063,0.9518971
13064,0.9083832
13065,0.87170345
13066,0.73539054
13067,0.066990465
13068,-0.013190664
13069,-0.014367115
13070,0.35632885
13071,-0.3027242
13072,0.35018268
13073,0.66423756
13074,-0.18652606
13075,0.27526164
13076,0.8454764
13077,1.1704515
13078,0.8435785
13079,0.7804129
13080,0.90847695
13081,1.0226582
13082,1.1573824
13083,0.9950694
13191,-1.7972604
13192,-2.0892005
13193,-2.2446675
13194,-2.5088804
13195,-1.9092696
13196,-0.30505222
13197,-0.092519954
13198,-0.643286
13199,-0.18367727
13200,-0.107044965
13201,-0.95552224
13202,-1.8194603
13203,-1.6947938
13204,-2.1780558
13205,-1.8875967
13206,-1.5666637
13207,-1.4115207
13208,-0.42841843
13209,-0.28702298
13210,-0.36016935
13211,0.22152965
13212,0.91917276
13213,1.0840725
13214,0.2529482
13215,-0.28024137
13216,0.18766169
13217,0.25048658
13218,-0.2458544
13219,0.42834672
13220,0.052656163
13221,-0.6176762
13222,0.552375
13223,1.0708627
13224,1.0294706
13225,0.8587505
13226,1.8539275
13227,1.7675837
13228,1.1259154
13229,1.0989089
13339,-1.9485269
13340,-1.7085156
13341,-2.164993
13342,-2.4668932
13343,-1.819071
13347,0.12845679
13348,-0.41518202
13349,0.11342864
13350,-0.32211205
13351,-0.89917076
13352,-2.3710093
13353,-2.1553404
13354,-2.104576
13355,-1.6250176
13356,-0.14519839
13357,0.7612099
13358,-0.27555814
13359,-0.5165223
13360,0.53363734
13361,0.77776784
13362,0.39206457
13363,0.3722945
13364,0.5176296
13365,0.18195099
13366,0.20453195
13367,1.027315
13368,0.2186446
13369,0.17807648
13370,0.7744982
13371,1.0763162
13372,1.7448792
13373,1.2307522
13374,1.3108901
13375,1.4885168
13376,0.805673
13377,0.60313797
13484,-0.4009189
13485,-1.0013082
13487,-1.2496579
13488,-0.95333195
13489,-1.9358369
13490,-2.2443044
13491,-2.0322926
13496,0.49739215
13497,1.0291213
13498,1.2026227
13499,0.14327797
13500,-2.1712444
13501,-2.663552
13502,-2.5403244
13503,-2.1980245
13504,-0.08893047
13505,0.57416826
13506,0.7366467
13507,0.33611986
13508,0.6278957
13509,0.5493771
13510,-0.3643945
13511,0.40810114
13512,0.2820236
13513,1.0522821
13514,1.1740255
13515,1.4366306
13516,1.1131226
13517,0.24902572
13518,1.2299267
13519,0.65383124
13520,1.0790696
13521,1.3879161
13522,0.9111134
13523,0.27713266
13524,0.6614214
13525,0.4911786
13638,-2.3144066
13639,-2.0016937
13643,0.016285237
13644,1.1399962
13645,1.1155139
13646,0.47377637
13647,-0.48104426
13648,-1.6544259
13649,-2.2974305
13650,-1.7860805
13651,-0.39362612
13652,0.79177415
13653,0.61012954
13654,-0.010246953
13655,0.08496921
13656,-0.019074552
13657,0.545733
13658,0.5656287
13659,0.67824686
13660,0.8107421
13661,0.96527255
13662,1.2109042
13663,0.829596
13664,0.47837242
13665,0.8477476
13666,0.6818877
13667,0.89171094
13668,1.436293
13669,-0.39929044
13670,-0.71336
13671,0.12599023
13672,-0.47011325
13777,-1.2181565
13786,0.14212744
13787,0.9706135
13788,0.8527707
13789,1.1421758
13790,-0.37148926
13791,-1.6198969
13792,-2.0732422
13793,-0.97293717
13794,-0.25546372
13795,0.9986434
13796,0.06627767
13797,-0.8504388
13798,-0.45081237
13799,0.35044637
13800,0.9260376
13801,1.1560702
13802,1.1814085
13803,1.171464
13804,0.62299895
13805,0.7871078
13806,-0.48848185
13807,0.25921643
13808,0.8504777
13809,1.4967778
13810,0.8952796
13811,0.34785658
13812,-0.5467686
13813,-0.9265673
13814,0.024428055
13815,0.61643934
13918,-1.5266736
13919,-0.62309366
13920,0.26987824
13921,-0.06739481
13922,0.01895973
13923,0.32085004
13930,0.6450672
13931,0.90315163
13932,-0.049379442
13933,-1.7465692
13934,-2.23262
13935,-2.2294235
13936,-1.739216
13937,0.25830612
13938,0.60223454
13939,0.11839937
13940,-0.117846
13941,0.4864103
13942,0.94697934
13943,0.5369756
13944,0.3575478
13945,0.1133883
13946,0.14344318
13947,-0.57085997
13948,-2.3575022
13949,0.049198534
13950,1.056634
13951,1.3190957
13952,0.24957915
13953,0.48456052
13954,0.5816199
13955,-0.015809149
13956,-0.24070926
13957,0.9555835
14061,-2.1688092
14062,-1.4629506
14063,-0.61196524
14064,0.50449574
14065,0.5221033
14066,0.50434715
14067,0.45155323
14068,-0.04664338
14074,0.044792343
14075,-0.1991274
14076,-1.0272096
14077,-2.474633
14078,-2.2786188
14079,-2.1846602
14080,-1.405093
14081,-0.7892782
14082,0.6919743
14083,-0.2696707
14084,-1.354117
14085,-0.49523547
14086,0.50354326
14087,1.6172552
14088,0.35590068
14089,0.29321098
14090,-0.010609351
14091,-0.55216175
14092,-1.6768407
14093,-2.3732808
14094,-1.7967843
14095,-0.17042558
14096,0.6909092
14097,0.6441322
14098,0.52990305
14099,0.028061237
14100,-0.5998597
14101,-1.0852473
14102,0.6302893
14206,-2.0119302
14207,-2.070506
14208,-2.3200238
14209,-1.4439608
14210,-0.46395
14211,0.21648647
14212,0.6024864
14213,0.53385836
14214,-0.43382674
14220,-0.016634962
14221,-1.4094418
14222,-1.7688825
14223,-1.5986643
14224,-1.1641624
14225,-0.9714499
14226,-0.7765782
14227,-1.0175643
14228,-1.1281224
14229,-1.4423342
14230,-2.3462932
14231,-1.056482
14232,0.8151226
14233,1.4938048
14234,1.2826697
14235,1.2629642
14236,1.2570515
14237,-0.31666496
14238,-2.3087668
14239,-2.3924239
14240,-1.4959991
14241,-0.29485998
14242,0.2147312
14243,0.7342397
14244,0.67290735
14245,-0.42362309
14246,-0.1304443
14247,-0.5885236
14248,0.56722635
14353,-1.7616888
14354,-1.1477238
14355,-1.4494905
14356,-0.77667516
14357,-0.8912001
14358,-0.51756096
14359,-0.12722912
14360,-0.5525887
14361,-0.54355955
14362,-1.0470686
14363,0.12449303
14367,-1.2324151
14368,-1.3523222
14369,-0.796952
14370,-0.7783598
14371,-0.49624944
14372,-0.046958826
14373,0.84852284
14374,0.22454976
14375,-0.6552312
14376,-1.5623769
14377,-1.6718001
14378,-0.88062435
14379,0.16471194
14380,0.2959013
14381,0.7626049
14382,0.33495906
14383,1.1092855
14384,-0.34439802
14385,-2.2240322
14386,-2.1625135
14387,-1.3398439
14388,0.23388599
14389,1.932161
14390,1.0429506
14391,0.7585191
14392,0.80490893
14393,0.47328272
14394,-1.3747804
14395,-0.10968503
14501,-0.91083753
14502,0.43692225
14503,1.0659872
14504,0.42547798
14505,-0.20794941
14506,-0.65107983
14507,0.23120405
14508,-0.99240696
14509,-0.094464004
14510,0.35421503
14511,-0.8214746
14512,-0.55273956
14513,-0.12063025
14514,-0.6668962
14515,-0.33872265
14516,-0.5893517
14517,0.06218073
14518,-0.6744381
14519,-0.4736225
14520,-0.34984717
14521,0.4325371
14522,1.0140095
14523,-0.3211122
14524,-1.2456602
14525,-1.656537
14526,-0.276393
14527,1.0409681
14528,-0.4268134
14529,0.2362157
14530,0.4053017
14531,0.86751354
14532,-0.3737127
14533,-1.8877504
14534,-1.3045276
14535,-1.3136294
14536,-0.89800924
14537,0.18240547
14538,0.14235722
14539,0.801108
14540,0.35029283
14541,-1.4875389
14542,-2.1697025
14543,-0.9770115
14649,0.4224315
14650,0.4944612
14651,0.94075096
14652,0.27267933
14653,-0.841789
14654,-0.6544442
14655,-0.49258724
14656,-1.2809215
14657,-0.69146234
14658,0.65233237
14659,-0.82858825
14660,-0.9249446
14661,-0.18209064
14662,0.41265693
14663,0.51429516
14664,0.45290786
14665,-0.4790098
14666,-0.88559943
14667,0.14512672
14668,-0.46114635
14669,-0.28796232
14670,0.30132306
14671,-0.05948132
14672,-1.688483
14673,-1.436819
14674,0.16176613
14675,0.5088435
14676,0.623756
14677,-0.10217963
14678,0.09460096
14679,0.66597545
14680,0.6560817
14681,-0.49238193
14682,-0.7670346
14683,-0.26722038
14684,-1.2658745
14685,-1.020942
14686,-1.094943
14687,-0.59897757
14688,-1.2949913
14689,-2.223073
14690,-1.9388672
14691,-0.78446513
14797,-1.7068232
14798,-0.7009308
14799,-0.2539895
14800,-0.9125128
14801,-1.6464251
14802,-1.4671485
14803,-1.6159884
14804,-1.5243722
14805,-0.9105653
14806,0.05189919
14807,-0.23999092
14808,-0.29794228
14809,0.6588263
14810,0.47882804
14811,-0.3591732
14812,-0.731411
14813,-0.8512137
14814,-0.31752717
14815,-0.5282507
14816,0.30727735
14817,0.6540115
14818,0.8661454
14819,0.59195554
14820,-1.3940077
14821,-0.8936883
14822,0.502962
14823,0.37846053
14824,-0.21033923
14825,-0.47277477
14826,0.1338722
14827,0.1661488
14828,1.1106997
14829,0.960808
14830,0.10583489
14831,-1.0865543
14832,-1.8226137
14833,-0.9053874
14834,-0.50065666
14835,-1.8750997
14836,-2.280091
14837,-2.4118762
14838,-1.8180853
14839,-1.4324412
14946,-2.3542886
14947,-2.2621636
14948,-2.3873148
14949,-2.0502205
14950,-1.9458228
14951,-1.9753025
14952,-0.76129454
14953,0.2935929
14954,0.7479926
14955,0.7143434
14956,0.03448678
14957,0.19025765
14958,-0.45273557
14959,-0.59810066
14960,-0.75935507
14961,-1.6384315
14962,-0.07118252
14963,0.27316317
14964,0.9925889
14965,0.72650385
14966,0.8953874
14967,-0.21545093
14968,-1.7744573
14969,-0.23341596
14970,0.3222021
14971,0.9317281
14972,0.4576725
14973,-0.6948272
14974,-0.29860374
14975,-0.428747
14976,-0.00010782853
14977,-0.0517359
14978,0.67863405
14979,-0.57435125
14980,-0.46892506
14981,0.28468183
14982,-0.11360216
14983,-0.48740995
14984,-1.8839535
14985,-2.0010052
14986,-1.4173917
14987,-0.41351634
15094,-2.3693943
15095,-2.2508934
15096,-2.0307963
15097,-2.0230563
15098,-1.9365029
15099,-0.17530257
15100,0.7950117
15101,1.0247787
15102,0.9467896
15103,-0.5864981
15104,-1.3642704
15105,0.12568098
15106,-0.3424256
15107,-0.73878956
15108,-0.27683774
15109,0.8690359
15110,0.765837
15111,1.0166715
15112,1.1418232
15113,-0.007773239
15114,-1.5397608
15115,-1.5038351
15116,-0.011134159
15117,0.1930278
15118,0.548963
15119,0.9324448
15120,-0.017935948
15121,0.42508337
15122,0.08707607
15123,-0.91034025
15124,-0.65241855
15125,-0.7751982
15126,-0.49971855
15127,0.11508998
15128,0.1329902
15129,0.44739112
15130,0.9078447
15131,-0.5687058
15132,-0.7571581
15133,-0.49654424
15134,-0.1563408
15244,-0.4305976
15245,1.1811478
15246,0.41311318
15247,-0.29532582
15248,-2.0026689
15249,-1.5179614
15250,-0.5731058
15251,-1.2716508
15252,-0.27092746
15253,0.72942305
15254,1.0158241
15255,0.9459127
15256,1.0160989
15257,1.0700428
15258,-0.042905476
15259,-1.7113827
15260,-0.4392296
15261,0.18048686
15262,-1.2297481
15263,0.50094515
15264,0.86558765
15265,0.8720286
15266,0.5599574
15267,-0.43829566
15268,-0.44641092
15269,-0.6786757
15270,-1.2786587
15271,-0.88604325
15272,0.2534151
15273,-0.86988914
15274,0.35603228
15275,0.96053094
15276,-0.1583701
15277,0.10413806
15278,0.04083438
15279,0.07677324
15387,0.3166798
15388,-0.03901457
15389,-1.0160806
15390,-1.9172572
15393,-0.9505409
15394,-0.31005388
15395,1.1608744
15396,0.7547066
15397,1.2696863
15398,0.9441529
15399,0.36989665
15400,-0.26921704
15401,-1.246211
15402,0.41613773
15403,0.37408468
15404,0.31663528
15405,1.1568855
15406,1.3309524
15407,1.2272363
15408,0.75960445
15409,0.39191806
15410,-1.1554655
15411,-0.76929176
15412,-0.8758403
15413,-0.23840992
15414,0.5635687
15415,0.23067446
15416,0.3357365
15417,0.63879687
15418,0.25765088
15419,0.7618605
15420,1.1376654
15421,0.74304605
15532,-1.0127398
15533,-1.687688
15534,-0.6328461
15535,-1.5590742
15539,-0.9268846
15540,-0.81308514
15541,0.4435059
15542,0.7054821
15543,1.6266088
15544,0.64207685
15545,-1.0468935
15546,0.2384757
15547,0.57749397
15548,0.63551795
15549,0.7107937
15550,1.1780252
15551,1.1600717
15552,1.1932372
15553,0.7431105
15554,0.074094325
15555,-0.058888525
15556,0.0065365806
15557,-0.20758516
15558,-0.5283061
15559,0.78691983
15560,0.6253931
15561,0.33191255
15562,1.1102728
15563,0.69771314
15564,0.56847847
15565,1.3851787
15566,0.95377743
15679,-1.6902131
15680,-1.7166888
15684,-0.17809895
15685,-1.5849305
15686,-1.0677977
15687,-0.56772655
15688,0.24883841
15689,-0.49435073
15690,-1.2274255
15691,0.56905395
15692,0.9644403
15693,0.7547643
15694,0.5866581
15695,0.98425925
15696,0.6543002
15697,0.19768782
15698,-0.637971
15699,0.021396428
15700,0.5769432
15701,0.8766818
15702,1.2529643
15703,0.6859111
15704,1.0164866
15705,0.2575646
15706,-0.2447233
15707,1.1766604
15708,1.3460519
15709,1.0441856
15710,1.4085084
15711,0.63864243
15831,-0.8880143
15832,-1.4413784
15833,-1.9390694
15834,-1.1932541
15835,-0.7934804
15836,-1.3218623
15837,0.3863762
15838,0.9647017
15839,0.6035458
15840,0.542715
15841,1.2834402
15842,0.01808298
15843,-0.5076034
15844,0.3340535
15845,0.47184852
15846,0.9681995
15847,0.49235657
15848,0.43071434
15849,0.6912828
15850,0.93533385
15851,0.4071672
15852,0.026343249
15853,1.1563057
15854,1.3107797
15855,0.9430022
15856,0.92629665
15857,0.5066999
15978,-1.1379671
15979,-1.2461886
15980,-0.8645686
15981,-0.76658005
15982,-1.2273244
15983,-1.0927619
15984,-1.4775907
15985,-0.46579155
15986,0.5133645
15987,-0.6840732
15988,-0.21876068
15989,-0.007397983
15990,-0.32423186
15991,0.31342375
15992,1.2344608
15993,0.5941668
15994,-0.16038604
15995,0.64480627
15996,0.46906075
15997,0.955691
15998,0.90465796
15999,0.8215373
16000,0.22752883
16001,0.035103213
16002,-0.15232572
16003,0.23955576
16004,-0.10787243
16005,0.05650909
16121,-1.967966
16122,-1.6603751
16123,-2.0496733
16124,-1.576063
16125,-0.83824944
16126,0.01679983
16127,0.87595093
16128,-0.40192732
16129,0.49107262
16130,0.46338347
16131,-0.078687474
16132,-0.90414333
16133,-1.5960789
16134,-0.09553315
16135,-0.11965284
16136,-0.13326955
16137,-0.16713399
16138,0.7973843
16139,0.44448236
16140,-0.07070414
16141,0.4148215
16142,0.829355
16143,1.2058026
16144,0.5465871
16145,-0.02889334
16146,0.39192924
16147,0.20934552
16148,0.90412325
16149,0.6002281
16150,-0.8131175
16151,-1.0782918
16265,-1.3636113
16266,-0.8174934
16267,-0.44765115
16268,-0.46319664
16269,0.39546803
16270,0.7770645
16271,1.3082012
16272,0.022639398
16273,0.67555016
16274,1.0491235
16275,-0.40235016
16276,-1.1529824
16277,-0.8961209
16278,-0.4471917
16279,0.69147336
16280,-0.0047600195
16281,-0.15002583
16282,0.79306793
16283,0.7553683
16284,0.36725032
16285,0.85770786
16286,-0.22507589
16287,0.25028938
16288,1.0390978
16289,-0.010596689
16290,-0.27004972
16291,1.0456283
16292,1.197295
16293,0.6178053
16294,0.2844841
16295,-0.9239301
16411,-0.18869682
16412,-0.041251983
16413,-0.6164269
16414,0.47130576
16415,0.9441923
16416,0.8701936
16417,0.51365095
16418,0.5844463
16419,1.053115
16420,1.1416521
16421,-0.9412381
16422,-0.8933325
16423,0.09616579
16424,-0.04113299
16425,-0.26849768
16426,-0.3262366
16427,-0.25103697
16428,0.102380216
16429,0.61175025
16430,0.44912708
16431,0.9036671
16432,-0.8663891
16433,0.44135132
16434,0.30342436
16435,0.039774735
16436,0.4726055
16437,0.96336037
16438,0.6399536
16439,0.6449298
16440,0.6302767
16441,0.11834189
16557,-1.1974231
16558,0.074010074
16559,0.88663673
16560,0.03555846
16561,0.41792753
16562,-0.46360567
16563,-0.33308834
16564,0.72024417
16565,0.5135653
16566,-0.0030912533
16567,-1.0216937
16568,-0.707928
16569,-0.17347948
16570,0.50479484
16571,-0.70296186
16572,-0.3031576
16573,-1.2443423
16574,-0.8881353
16575,-0.048592567
16576,0.90976524
16577,0.26587707
16578,-0.8189327
16579,-0.6808326
16580,0.48966166
16581,0.014570989
16582,1.1192399
16583,1.1516068
16584,0.9614013
16585,0.3404476
16586,0.72864044
16587,0.5316283
16701,-1.2654845
16702,-0.8508834
16703,-0.112901464
16704,0.61271095
16705,0.7189246
16706,0.16875488
16707,-0.20055562
16708,-0.68095934
16709,-0.8362074
16710,0.29947796
16711,0.4660027
16712,-0.2712721
16713,-0.95512235
16714,0.24866547
16715,0.015258636
16716,-1.7221222
16717,-1.5017701
16718,-1.5382864
16719,-1.2469268
16720,0.0034386925
16721,-0.15139243
16722,-0.15773503
16723,0.29284868
16724,-0.8808835
16725,-0.36371955
16726,0.06999339
16727,0.9387108
16728,0.7634043
16729,-0.22021256
16730,-0.38503483
16731,0.86166734
16732,0.18189083
16847,-1.7941563
16848,-0.5049144
16849,0.47609416
16850,0.32558018
16851,0.6026764
16852,0.97585356
16853,-0.13738249
16854,-0.9827574
16855,-0.5992746
16856,0.07582967
16857,0.6774532
16858,0.7074879
16859,-0.5828902
16860,-0.5085249
16861,-0.8958153
16862,-1.9814259
16863,-2.0171201
16864,-1.6069369
16865,-1.1966938
16866,-0.47867566
16867,-0.5457225
16868,-0.3163956
16869,0.6870895
16870,-0.58127534
16871,-1.2473855
16872,-0.057289068
16873,1.1732339
16874,0.2322963
16875,-1.6220633
16876,-0.53798944
16877,0.76192325
16989,-1.8354439
16990,-1.400671
16991,0.4459789
16992,0.1765945
16993,0.8210137
16994,0.11391066
16995,-0.68417245
16996,-0.8389916
16997,-0.89737785
16998,-0.5559943
16999,0.02346921
17000,-2.0869873
17001,-1.8631153
17002,-2.024347
17003,-1.9732219
17004,-1.9630681
17005,-1.6575469
17006,-1.4839699
17007,-0.6051585
17008,-0.37803125
17009,-0.5923991
17010,-0.8101113
17011,-0.6666281
17012,-0.10335192
17013,0.15098287
17014,-0.2843906
17015,-0.790456
17129,-1.9904646
17130,-2.1483314
17131,-0.5358986
17132,-0.1284374
17133,0.40374514
17134,-1.002368
17135,-1.1950119
17136,-0.95936465
17137,-1.0618623
17138,-0.7506169
17139,-1.2917663
17140,-1.5120566
17141,-2.1606302
17142,-1.8745257
17143,-1.5316628
17144,-1.5007755
17145,-1.5545156
17146,-1.8520579
17147,-1.7938914
17148,-1.329863
17149,-0.5118115
17150,-0.31291565
17151,-0.56831294
17152,-1.0034626
17153,-0.16698727
17154,-0.08955796
17155,0.37710553
17156,-0.7159285
17157,-1.8685031
17273,-1.2965138
17274,-2.1618586
17275,-2.0809073
17276,-1.4493215
17277,-0.97955436
17278,-0.17130373
17279,-0.61002594
17280,-1.4312304
17281,-1.660605
17282,-1.6200876
17283,-1.4754959
17284,-1.5878874
17285,-2.3382878
17286,-2.317783
17287,-1.6849144
17288,-1.9993033
17289,-1.236738
17290,-0.4744885
17291,-1.7469275
17292,-2.1887968
17293,-1.7308761
17294,-1.4311286
17295,-0.69921845
17296,-0.2792512
17297,-0.9744936
17298,-1.3505214
17299,-1.516333
17300,-1.2289208
17301,-0.8296894
17302,-2.2580705
17303,-2.3047342
17304,-1.7397405
17420,-0.8739416
17421,-1.2733824
17422,-1.519717
17423,-1.347755
17424,-1.1011603
17425,-0.7579272
17426,-0.63914335
17427,-1.1517645
17428,-1.5438377
17429,-2.004544
17430,-1.8134179
17431,-2.2291377
17432,-2.198862
17433,-1.9201074
17434,-2.1476538
17435,-1.3198543
17436,-1.1809691
17437,-1.1380546
17438,-1.4204971
17439,-1.2334594
17440,-0.93139493
17441,-0.7134854
17442,-0.91824365
17443,-1.5158571
17444,-1.6908797
17445,-2.0829475
17446,-1.8713598
17447,-1.7796735
17448,-2.2909505
17449,-1.6170001
17450,-1.5862596
17566,-1.8420111
17567,-1.4526297
17568,-1.1641666
17569,-1.3273984
17570,-1.7836171
17571,-1.6125364
17572,-1.5138863
17573,-1.7494893
17574,-2.2439387
17575,-1.8515475
17576,-2.0040224
17577,-2.370975
17578,-2.2169387
17579,-2.1616242
17580,-2.1361346
17581,-1.172348
17582,-0.93327755
17583,-1.2156091
17584,-1.168956
17585,-1.1662282
17586,-1.6777081
17587,-0.35172448
17588,-1.2773745
17589,-2.0035117
17590,-2.2238762
17591,-2.2340817
17592,-2.0134723
17593,-1.7983767
17594,-1.5944383
17595,-1.3891412
17596,-1.2812275
17597,-1.6281188
17710,-2.3981674
17711,-2.3212934
17712,-2.2087831
17713,-1.5755221
17714,-1.5446198
17715,-1.9398141
17716,-2.1747992
17717,-2.1335144
17718,-2.2824006
17719,-2.2682579
17720,-2.220445
17721,-1.6910157
17722,-1.9077924
17723,-2.2635782
17724,-2.382045
17725,-2.3595889
17726,-1.9727144
17727,-1.9843842
17728,-0.2509893
17729,-0.46210927
17730,-1.0425913
17731,-0.44324595
17732,-0.61118627
17733,-1.8971369
17734,-0.41215667
17735,-0.7064051
17736,-1.9655393
17737,-2.1244032
17738,-2.1548762
17739,-1.7925882
17740,-2.108417
17741,-1.723482
17742,-1.2098082
17743,-1.4768019
17744,-1.7557007
17856,-2.1884
17857,-2.0449617
17858,-2.048934
17859,-2.1797705
17860,-1.2420449
17861,-1.6322441
17862,-2.3335855
17863,-2.072769
17864,-2.1601493
17865,-2.3277614
17866,-2.306819
17867,-2.3964086
17868,-1.993499
17869,-1.9723691
17870,-2.342777
17871,-2.3711932
17872,-2.3710144
17873,-2.32622
17874,-1.9515222
17875,-0.33365986
17876,0.20459619
17877,-0.5065981
17878,-0.45618516
17879,-0.8357202
17880,-2.0032914
17881,-1.3166822
17882,0.062042635
17883,-0.36359325
17884,-1.8390529
17885,-2.2056983
17886,-2.400076
17887,-2.349039
17888,-2.2595105
17889,-1.7697515
17890,-1.8531715
17891,-1.9996957
18004,-1.6088127
18005,-1.4781679
18006,-1.4769676
18007,-2.172029
18008,-2.4296978
18009,-2.310141
18010,-2.1989384
18011,-2.0015287
18012,-2.4575603
18013,-2.4160736
18014,-2.209507
18015,-2.064481
18016,-2.2358146
18017,-2.4038796
18018,-2.1930373
18019,-1.9788895
18020,-1.3447454
18021,0.44941676
18022,0.81130135
18023,0.10867481
18024,0.2354628
18025,-1.2828041
18026,-1.7785646
18027,-1.4705452
18028,-0.95938313
18029,-0.70853835
18030,-1.7317609
18031,-2.2930906
18032,-2.2119966
18033,-2.4102645
18034,-2.2789462
18035,-2.2232962
18036,-2.116413
18037,-2.1384437
18128,-2.2678409
18129,-2.1130424
18130,-2.364743
18131,-2.430169
18132,-2.4191456
18133,-2.1685486
18134,-2.1657665
18135,-2.116418
18148,-0.708462
18149,-1.2822018
18150,-1.3664918
18151,-2.0622957
18152,-2.536495
18153,-2.379232
18154,-2.2753077
18155,-2.3420546
18156,-1.6335822
18157,-2.3271418
18158,-2.3736088
18159,-2.3610077
18160,-2.2784553
18161,-2.290842
18162,-2.1968627
18163,-1.9504927
18164,-1.8883274
18165,-1.098897
18166,0.63464284
18167,0.23867305
18168,0.108662635
18169,-0.1949762
18170,-1.4140136
18171,-0.8671616
18172,-1.1779804
18173,-1.3284076
18174,-1.6535501
18175,-1.8511515
18176,-2.3182352
18177,-2.2336307
18178,-2.271528
18179,-2.3485167
18180,-2.2932248
18181,-2.114104
18182,-2.3373227
18270,-2.512523
18271,-2.3831177
18272,-2.182892
18273,-2.161551
18274,-2.1969378
18275,-2.2787542
18276,-2.3998296
18277,-2.2089615
18278,-2.1333933
18279,-2.07129
18280,-1.9623914
18281,-2.0468683
18292,-0.33201966
18293,-1.4952104
18294,-1.8439916
18295,-2.3473175
18296,-2.528553
18297,-2.3233318
18298,-2.2311037
18299,-2.332367
18300,-1.7073582
18301,-2.104381
18302,-2.4201858
18303,-2.3441267
18304,-1.8442798
18305,-1.7103956
18306,-2.1075826
18307,-2.2860997
18308,-1.9977396
18309,-1.7024461
18310,-0.11016317
18311,-0.65781575
18312,-0.078600466
18313,-0.8721934
18314,-0.47497874
18315,-0.26994476
18316,-1.5302484
18317,-1.5014825
18318,-1.5778905
18319,-2.2192237
18320,-2.1796117
18321,-2.3758318
18322,-2.4063563
18323,-2.4455347
18324,-2.3168395
18325,-2.32373
18326,-2.3012493
18413,-2.414664
18414,-2.437748
18415,-2.442624
18416,-2.4256232
18417,-2.2157712
18418,-2.1557221
18419,-2.1542485
18420,-1.635903
18421,-1.8512032
18422,-2.0860653
18423,-1.8917022
18424,-2.0221062
18425,-2.202745
18426,-2.279478
18427,-1.9925206
18436,-1.4172298
18437,-0.85036373
18438,-1.7342826
18439,-2.5230405
18440,-2.4436946
18441,-2.3723798
18442,-2.2153711
18443,-2.028344
18444,-2.0043235
18445,-2.0064466
18446,-1.7874907
18447,-2.1848829
18448,-2.2387693
18449,-2.0471988
18450,-1.4692644
18451,-1.9163786
18452,-1.9299306
18453,-1.5576333
18454,-1.4554473
18455,-0.8838426
18456,-1.2724462
18457,-1.1562055
18458,-1.569169
18459,-1.0595664
18460,-0.69134164
18461,-1.1541809
18462,-1.5462885
18463,-2.043924
18464,-1.7836785
18465,-1.914125
18466,-2.0312822
18467,-2.4310899
18468,-2.2726498
18469,-2.3216264
18470,-2.3171344
18471,-2.374595
18559,-2.3672106
18560,-2.3781714
18561,-2.4073107
18562,-2.1893725
18563,-2.074639
18564,-2.0385525
18565,-2.124454
18566,-2.0675762
18567,-2.328349
18568,-2.2426348
18569,-2.0634282
18570,-2.0160909
18571,-1.740008
18572,-1.9315103
18573,-1.9895502
18574,-2.0850668
18584,-2.295105
18585,-2.2228613
18586,-1.8715049
18587,-2.2402472
18588,-2.32913
18589,-2.2414129
18590,-1.9283308
18591,-1.7069066
18592,-2.0753534
18593,-2.102254
18594,-1.8164649
18595,-1.3816535
18596,-1.8881683
18597,-1.7350831
18598,-1.8005582
18599,-1.5227447
18600,-1.4769775
18601,-1.998672
18602,-1.752259
18603,-1.7106634
18604,-1.2825413
18605,-0.8195872
18606,-1.2618396
18607,-1.4873
18608,-1.5463493
18609,-2.0866597
18610,-1.6948597
18611,-2.222865
18612,-2.2587318
18613,-2.361957
18614,-2.407394
18702,-2.3346703
18703,-2.256593
18704,-2.3172991
18705,-2.2100132
18706,-1.6637994
18707,-1.6879289
18708,-1.539467
18709,-1.8813747
18710,-2.3510227
18711,-2.345206
18712,-2.1849544
18713,-1.9828037
18714,-1.945686
18715,-2.0379927
18716,-1.9200565
18717,-1.9951099
18718,-1.9572008
18719,-2.0267916
18728,-2.4021745
18729,-2.2818685
18730,-2.068684
18731,-2.3361049
18732,-2.2644207
18733,-2.0149887
18734,-0.59737504
18735,-0.24903403
18736,-1.1618645
18737,-2.357147
18738,-1.5377301
18739,-1.3938564
18740,-1.7190974
18741,-1.870431
18742,-1.9441652
18743,-1.8054258
18744,-1.5552071
18745,-1.6170429
18746,-1.3779943
18747,-1.470578
18748,-1.2539673
18749,-1.2959691
18750,-1.8820139
18751,-1.482741
18752,-1.4294006
18753,-1.5730784
18754,-1.8736625
18755,-1.9834208
18756,-1.9063742
18757,-2.01347
18758,-1.8711038
18759,-2.0957277
18760,-2.4015923
18761,-2.4561179
18848,-2.1004782
18849,-2.1083822
18850,-2.0137143
18851,-1.7636018
18852,-1.5096854
18853,-1.2912133
18854,-0.9713014
18855,-1.0484627
18856,-1.7615569
18857,-2.3173866
18858,-1.8706558
18859,-2.105464
18860,-1.9951419
18861,-2.1065226
18862,-2.4525058
18863,-2.042334
18864,-2.0183637
18865,-2.153438
18866,-2.2230299
18867,-2.4911292
18876,-2.1501112
18877,-2.4798527
18878,-2.6232047
18879,-1.9881682
18880,-2.0609646
18881,-1.4182477
18882,-0.6506787
18883,-0.86574405
18884,-1.2960223
18885,-1.3690352
18886,-1.6128633
18887,-2.1172757
18888,-2.0356154
18889,-2.1574404
18890,-1.7689697
18891,-1.6385236
18892,-1.5332073
18893,-1.6009434
18894,-1.6937854
18895,-1.9058491
18896,-1.70163
18897,-1.9770778
18898,-1.7725128
18899,-1.7445245
18900,-1.9767922
18901,-1.9222211
18902,-2.445339
18903,-2.250737
18904,-1.8642731
18905,-1.4899637
18906,-1.9598894
18907,-2.3023415
18908,-2.339133
18995,-1.9688584
18996,-1.0986036
18997,-0.2323478
18998,-0.47575682
18999,-0.6004913
19000,-1.4136738
19001,-1.1896834
19002,-0.7969449
19003,-1.321266
19004,-2.2004929
19005,-1.9316686
19006,-2.169378
19007,-2.3723834
19008,-2.385685
19009,-2.1359777
19010,-1.9336907
19011,-1.8438303
19012,-2.468656
19013,-2.4205961
19022,-2.147398
19023,-2.197098
19024,-2.5504344
19025,-2.5598075
19026,-2.2718394
19027,-2.1176465
19028,-2.22312
19029,-1.8146018
19030,-1.140704
19031,-0.9510002
19032,-1.381769
19033,-1.3935424
19034,-1.7289717
19035,-1.7024337
19036,-1.4545418
19037,-1.8971028
19038,-1.6779488
19039,-1.3770639
19040,-1.2591864
19041,-1.607335
19042,-2.1874182
19043,-1.8010623
19044,-1.7369456
19045,-2.0490305
19046,-2.4548078
19047,-2.4971075
19048,-2.411755
19049,-2.3626463
19050,-1.9433753
19051,-1.7282605
19052,-2.0921066
19053,-2.2904227
19139,-1.603616
19140,-0.25746644
19141,0.25715
19142,0.8588952
19143,0.49223462
19144,0.14709726
19145,-0.5056535
19146,-0.56912535
19147,-1.0286179
19148,-1.2362243
19149,-2.1218271
19150,-2.4354336
19151,-2.0530407
19152,-1.7309586
19153,-2.282259
19154,-2.04195
19155,-2.0332236
19156,-2.2072587
19157,-2.3841572
19158,-2.3374481
19159,-2.5624235
19168,-2.243336
19169,-1.863423
19170,-1.4198459
19171,-1.8950797
19172,-1.9894745
19173,-2.369252
19174,-2.4678862
19175,-2.69668
19176,-2.3934448
19177,-1.9997859
19178,-2.0474985
19179,-1.8927995
19180,-1.9448115
19181,-1.855538
19182,-1.8478442
19183,-2.130602
19184,-1.8182671
19185,-0.995839
19186,-1.3750138
19187,-1.5261157
19188,-1.7625487
19189,-2.4643235
19190,-1.8416232
19191,-1.8516628
19192,-2.2303205
19193,-2.4046419
19194,-2.3806808
19195,-2.2845979
19196,-2.2748964
19197,-2.3512444
19198,-1.5260916
19199,-1.4384838
19286,-1.0516795
19287,0.10034533
19288,0.65329397
19289,0.87281275
19290,0.87297076
19291,0.42233264
19292,0.640577
19293,0.84824896
19294,-0.063743845
19295,-1.0146089
19296,-1.1013305
19297,-0.9230995
19298,-2.3650036
19299,-1.8239704
19300,-1.3921611
19301,-0.48481357
19302,-1.2328286
19303,-1.6250755
19304,-1.9990172
19305,-1.9480841
19306,-2.0298357
19307,-1.7099973
19316,-1.5094415
19317,-1.3853368
19318,-1.1771563
19319,-1.643392
19320,-1.5365226
19321,-1.9027356
19322,-2.269723
19323,-2.1751451
19324,-2.447819
19325,-2.6488173
19326,-2.529249
19327,-2.333786
19328,-2.4058979
19329,-2.2156682
19330,-2.2373927
19331,-1.9844382
19332,-1.7751889
19333,-1.90507
19334,-1.5782118
19335,-1.5982606
19336,-2.0350685
19337,-2.0937252
19338,-1.5930625
19339,-1.7780749
19340,-2.2037363
19341,-2.2539983
19342,-2.1127076
19343,-1.9975089
19344,-1.9542309
19345,-1.5396008
19433,-1.4318563
19434,-0.9434391
19435,0.82941675
19436,1.4006232
19437,0.50801075
19438,0.69446194
19439,0.5930336
19440,0.8512459
19441,0.004520703
19442,-1.1365107
19443,-0.88754714
19444,-1.3332757
19445,-1.2403183
19446,-1.1862022
19447,-1.8854359
19448,-0.98630524
19449,-1.4692982
19450,-2.1751842
19451,-1.7796941
19452,-1.6016151
19453,-1.7989314
19454,-1.9609965
19463,-2.166112
19464,-2.279834
19465,-2.0929523
19466,-1.8085902
19467,-0.08746253
19468,-1.4245329
19469,-1.3394028
19470,-1.6320562
19471,-2.1642058
19472,-2.204441
19473,-2.3439922
19474,-2.3991106
19475,-2.4168181
19476,-2.1417205
19477,-2.0702875
19478,-2.0053835
19479,-1.941132
19480,-2.0154836
19481,-1.6677196
19482,-1.9439087
19483,-2.083047
19484,-2.2378085
19485,-1.7313899
19486,-1.9922391
19487,-2.1249685
19488,-1.8692052
19489,-1.3702492
19490,-2.0672603
19491,-2.1614282
19577,-1.0516738
19578,-1.2459139
19579,0.35405844
19580,0.7922119
19581,0.3723138
19582,-0.35004804
19583,-0.14587164
19584,-0.02652647
19585,-1.5781795
19586,-2.1196535
19587,-1.1043612
19588,-0.7257825
19589,0.44168988
19590,-0.22134326
19591,-2.4960518
19592,-2.3126628
19593,-1.9240098
19594,-1.9940307
19595,-1.9064713
19596,-1.6976852
19597,-1.9405755
19598,-2.2228668
19608,-2.5186985
19609,-2.14162
19610,-2.201427
19611,-1.1257212
19612,-0.87272453
19613,-1.5095867
19614,-1.8435881
19615,-2.0897
19616,-2.240233
19617,-2.4535117
19618,-2.3750634
19619,-2.2525916
19620,-2.282552
19621,-1.7185627
19622,-1.940463
19623,-2.074157
19624,-1.847878
19625,-1.7760452
19626,-1.4596311
19627,-1.800869
19628,-2.4624188
19629,-2.3638127
19630,-2.0665522
19631,-2.1725209
19632,-2.129829
19633,-1.6079975
19634,-1.6617962
19722,-1.5333214
19723,-2.0266354
19724,-0.4785495
19725,-0.7148221
19726,-0.7464966
19727,-0.87472373
19728,-1.2975627
19729,-0.7348713
19730,-1.2890849
19731,-0.9262595
19732,0.027850792
19733,0.6218863
19734,0.28744027
19735,-0.8427961
19736,-2.1139634
19737,-1.3216534
19738,-1.6562566
19739,-2.0393627
19740,-2.1194074
19741,-2.0004141
19742,-2.179537
19743,-2.3817346
19754,-1.9446009
19755,-2.1741967
19756,-2.021124
19757,-1.8964233
19758,-2.1089437
19759,-2.1534004
19760,-2.3329396
19761,-2.3842626
19762,-2.4108999
19763,-2.3916783
19764,-2.0911229
19765,-1.9900934
19766,-1.9011606
19767,-1.8580828
19768,-2.3298056
19769,-2.0087523
19770,-1.9255959
19771,-1.8659438
19772,-1.9375602
19773,-2.3071215
19774,-2.2887435
19775,-2.3213341
19776,-2.321888
19777,-2.0631557
19866,-1.5262752
19867,-2.221103
19868,-2.0046444
19869,-1.6069903
19870,-1.4340404
19871,-0.97041684
19872,-0.4112531
19873,0.5416409
19874,0.4857885
19875,0.28726262
19876,1.1571772
19877,0.26708353
19878,-0.30482483
19879,-0.57472235
19880,-1.4606972
19881,-1.0113218
19882,-1.3246167
19883,-1.7254353
19884,-1.9174379
19885,-2.2311113
19886,-2.3444836
19898,-1.7564561
19899,-2.1648834
19900,-1.7217985
19901,-2.158512
19902,-2.1457083
19903,-2.255055
19904,-2.2611475
19905,-2.3778386
19906,-2.3895419
19907,-1.8679436
19908,-1.757103
19909,-2.1046202
19910,-2.2065778
19911,-2.199304
19912,-2.0363963
19913,-1.4923465
19914,-1.7861223
19915,-1.9458654
19916,-2.3971882
19917,-2.2320044
19918,-2.1784294
19919,-2.2535846
19920,-2.210179
20010,-1.5608793
20011,-2.0410497
20012,-1.9965534
20013,-1.492801
20014,-1.8837779
20015,-1.8937097
20016,-1.1115803
20017,-0.7570965
20018,-0.5345791
20019,0.47953108
20020,0.59584105
20021,-0.6197039
20022,-0.9729969
20023,-0.89011264
20024,-1.7472488
20025,-1.581675
20026,-1.5545464
20027,-1.7573081
20028,-1.8469466
20029,-1.7785195
20030,-2.3643637
20031,-2.3981466
20044,-2.1722836
20045,-1.9385338
20046,-1.9294302
20047,-1.6508257
20048,-1.436126
20049,-0.94356585
20050,-1.4601654
20051,-1.8027111
20052,-1.6600538
20053,-0.19932327
20054,-1.0849487
20055,-2.1383235
20056,-2.3109498
20057,-2.1714258
20058,-1.8695303
20059,-2.0541015
20060,-1.8807667
20061,-1.862192
20062,-2.3189971
20063,-2.057514
20064,-1.9854566
20065,-1.6078205
20157,-1.79096
20158,-2.0935519
20159,-1.7160965
20160,-1.8190608
20161,-1.9838103
20162,-1.6769335
20163,-1.540036
20164,-0.54420215
20165,1.031848
20166,-0.27197897
20167,-2.0594695
20168,-1.6088066
20169,-1.6460176
20170,-2.350966
20171,-2.3933818
20172,-2.2894385
20173,-2.24455
20174,-2.3419886
20175,-2.28036
20176,-2.301677
20191,-2.453294
20192,-2.2233508
20193,-1.6996502
20194,-1.2609698
20195,0.009096831
20196,0.17340843
20197,-0.5113578
20198,-0.32592216
20199,-0.841176
20200,-0.6742108
20201,-1.3844967
20202,-1.9135116
20203,-2.009359
20204,-2.1125371
20205,-1.7202996
20206,-2.137946
20207,-1.6879355
20208,-1.891097
20209,-2.0972276
20210,-1.5979083
20304,-1.5185021
20305,-1.8592873
20306,-1.8956944
20307,-1.4887052
20308,-1.8964287
20309,-0.8451796
20310,-0.33311126
20311,-0.7417797
20312,0.013983425
20313,-0.5801306
20314,-2.0498888
20315,-1.5168738
20316,-1.5673094
20317,-2.4439533
20318,-2.4916055
20319,-2.3955178
20320,-2.4577477
20321,-2.4330144
20322,-2.1651819
20323,-2.3775544
20338,-2.3855739
20339,-2.2587774
20340,-1.8954576
20341,-1.1127132
20342,-0.50364655
20343,-0.22513758
20344,0.02566078
20345,0.22406475
20346,-0.5128124
20347,-0.22706918
20348,-1.96681
20349,-1.9070235
20350,-2.138026
20351,-2.3718858
20352,-2.2200108
20353,-1.917724
20354,-1.1603161
20355,-1.842399
20356,-1.9578449
20451,-1.7278086
20452,-2.0875993
20453,-1.9895842
20454,-2.1369004
20455,-2.423936
20456,-1.3879851
20457,-1.0505924
20458,-0.94695145
20459,-1.5765247
20460,-1.9162669
20461,-0.9621081
20462,-0.85928565
20463,-2.053186
20464,-2.497486
20465,-2.3291647
20466,-2.3172224
20467,-2.330073
20468,-2.25326
20469,-2.3940916
20485,-2.0565722
20486,-1.9641658
20487,-1.5189385
20488,-1.3647565
20489,-1.6474853
20490,-1.0243387
20491,-0.113821656
20492,0.09662594
20493,-0.17143542
20494,-0.022568747
20495,-1.6815447
20496,-2.0573463
20497,-2.2513723
20498,-2.435565
20499,-2.4251623
20500,-2.4058614
20501,-2.2626135
20599,-2.2588792
20600,-2.0347571
20601,-2.2460876
20602,-2.396407
20603,-1.8925683
20604,-2.047568
20605,-1.4182483
20606,-1.8139309
20607,-1.9360459
20608,-1.4403782
20609,-1.3292595
20610,-2.3058662
20611,-2.2052927
20612,-2.318609
20613,-2.3143532
20614,-2.257755
20615,-2.318341
20616,-2.17867
20632,-2.038703
20633,-0.709578
20634,-0.7906548
20635,-0.9654611
20636,-1.0603958
20637,-1.7108741
20638,-1.2129585
20639,-0.50463146
20640,0.8758989
20641,-0.097286224
20642,-1.5744033
20643,-1.7068667
20644,-2.1881914
20645,-2.423119
20646,-2.459737
20647,-2.4996192
20747,-2.3728275
20748,-2.3443377
20749,-2.383768
20750,-1.8308576
20751,-1.4675416
20752,-2.332945
20753,-2.269965
20754,-2.0886152
20755,-1.7072575
20756,-1.5487108
20757,-2.0777824
20758,-2.2155821
20759,-2.2638235
20760,-2.3518796
20761,-2.3432586
20762,-2.398481
20779,-1.7834634
20780,-0.5174441
20781,-0.67620176
20782,-0.9491885
20783,-1.084221
20784,-1.160203
20785,-1.3161904
20786,-1.1455871
20787,0.045075122
20788,-0.94480133
20789,-1.773718
20790,-1.9105192
20791,-2.1114206
20792,-2.3804421
20793,-2.394408
20794,-2.4862866
20895,-1.7439102
20896,-0.53807306
20897,-1.2072531
20898,-2.200997
20899,-2.466245
20900,-2.2852695
20901,-2.1502697
20902,-1.7997725
20903,-1.6653057
20904,-1.9941692
20905,-2.3807042
20906,-2.3408034
20907,-2.382364
20926,-1.6187415
20927,-1.476369
20928,-1.5174395
20929,-1.43803
20930,-1.1599771
20931,-1.1694604
20932,-1.4522761
20933,-1.2452682
20934,-1.176046
20935,-1.625213
20936,-2.1590688
20937,-2.1404216
20938,-2.3963404
20939,-2.432885
20940,-2.4768205
21043,-1.4286238
21044,-2.135149
21045,-2.2567327
21046,-2.2313852
21047,-2.249574
21048,-2.3111966
21049,-1.5588652
21050,-1.5841974
21051,-2.26996
21052,-2.3994057
21073,-2.2082715
21074,-1.9212725
21075,-2.4077153
21076,-2.0283787
21077,-1.7074358
21078,-2.2428632
21079,-2.2757149
21080,-2.074271
21081,-2.3191817
21082,-2.3004384
21083,-2.3150954
21084,-2.443865
21085,-2.3221917
21086,-2.3831556
21193,-1.941613
21194,-1.5419005
21195,-2.3773298
21196,-1.3418665
21220,-2.3748703
21221,-1.8263998
21222,-1.9866084
21223,-1.977816
21224,-2.2206318
21225,-2.412738
21226,-2.4765818
21227,-2.4045055
21228,-2.3235948
21229,-2.4695795
21230,-2.4586756
21231,-2.448716
21232,-2.3433242
21233,-2.3696563
21368,-1.8697362
21369,-2.2212384
21370,-2.440052
21371,-2.3666706
21372,-2.5059826
21373,-2.5312753
21374,-2.2097318
21375,-1.9898845
21376,-2.4883232
21377,-2.09518
21378,-2.1909668
21379,-2.3969343
21515,-2.4590216
21516,-2.4515996
21517,-2.4392383
21518,-2.5509024
21519,-2.7469864
21520,-1.9574988
21521,-1.7547626
21522,-2.2995143
21523,-2.2069457
21524,-1.8804674
21662,-2.3495479
21663,-2.536054
21664,-2.6094332
21665,-1.9063802
21666,-1.7758292
21667,-2.2979527
